timestamp,self_height,total_out_connections,benign_out_connections,malicious_out_connections,malicious_out_height_gte_self,benign_out_height_gte_self,elapsed_seconds
2026-05-25 10:20:56.396,3681466,12,1,11,0,1,2.396
2026-05-25 10:21:03.794,3681467,29,1,28,11,1,9.794
2026-05-25 10:21:04.749,3681467,28,2,26,11,1,10.749
2026-05-25 10:21:04.976,3681467,27,1,26,11,1,10.976
2026-05-25 10:21:07.304,3681467,27,1,26,11,1,13.304
2026-05-25 10:21:12.921,3681467,12,1,11,11,1,18.921
2026-05-25 10:21:16.936,3681467,12,1,11,11,1,22.936
2026-05-25 10:21:19.888,3681467,12,1,11,11,1,25.888
2026-05-25 10:21:20.086,3681467,12,1,11,11,1,26.086
2026-05-25 10:21:28.639,3681467,12,1,11,11,1,34.639
2026-05-25 10:21:53.232,3681467,12,1,11,11,1,59.232
2026-05-25 10:22:02.553,3681467,12,1,11,11,1,68.553
2026-05-25 10:22:02.720,3681467,13,2,11,11,1,68.72
2026-05-25 10:22:02.892,3681467,12,1,11,11,1,68.892
2026-05-25 10:22:17.743,3681467,42,1,41,11,1,83.743
2026-05-25 10:22:29.987,3681467,12,1,11,11,1,95.987
2026-05-25 10:22:46.332,3681467,12,1,11,11,1,112.332
2026-05-25 10:22:46.565,3681467,13,2,11,11,1,112.565
2026-05-25 10:22:46.565,3681467,13,2,11,11,1,112.565
2026-05-25 10:22:46.805,3681467,12,1,11,11,1,112.805
2026-05-25 10:22:55.213,3681467,12,1,11,11,1,121.213
2026-05-25 10:22:55.820,3681467,12,1,11,11,1,121.82
2026-05-25 10:22:55.827,3681467,12,1,11,11,1,121.827
2026-05-25 10:23:09.368,3681467,12,1,11,11,1,135.368
2026-05-25 10:23:09.577,3681467,12,1,11,11,1,135.577
2026-05-25 10:23:09.623,3681467,13,2,11,11,1,135.623
2026-05-25 10:23:09.630,3681467,13,2,11,11,1,135.63
2026-05-25 10:23:09.669,3681467,12,1,11,11,1,135.669
2026-05-25 10:23:13.437,3681467,12,1,11,11,1,139.437
2026-05-25 10:23:13.599,3681467,13,2,11,11,1,139.599
2026-05-25 10:23:13.605,3681467,13,2,11,11,1,139.605
2026-05-25 10:23:13.763,3681467,12,1,11,11,1,139.763
2026-05-25 10:23:16.471,3681467,12,2,10,10,1,142.471
2026-05-25 10:23:16.565,3681467,12,2,10,10,2,142.565
2026-05-25 10:23:16.611,3681467,12,2,10,10,2,142.611
2026-05-25 10:23:42.396,3681467,12,2,10,10,2,168.396
2026-05-25 10:23:42.666,3681467,13,3,10,10,2,168.666
2026-05-25 10:23:42.941,3681467,12,2,10,10,2,168.941
2026-05-25 10:23:43.776,3681467,12,2,10,10,2,169.776
2026-05-25 10:23:50.960,3681467,12,2,10,10,2,176.96
2026-05-25 10:24:04.346,3681468,12,2,10,0,0,190.346
2026-05-25 10:24:04.347,3681468,12,2,10,0,0,190.347
2026-05-25 10:24:04.347,3681468,12,2,10,0,0,190.347
2026-05-25 10:24:12.162,3681468,12,2,10,0,0,198.162
2026-05-25 10:24:12.428,3681468,12,2,10,0,0,198.428
2026-05-25 10:24:15.442,3681468,12,2,10,10,2,201.442
2026-05-25 10:24:16.034,3681468,13,3,10,10,2,202.034
2026-05-25 10:24:16.268,3681468,12,2,10,10,2,202.268
2026-05-25 10:24:16.382,3681468,12,2,10,10,2,202.382
2026-05-25 10:24:16.679,3681468,12,2,10,10,2,202.679
2026-05-25 10:24:16.919,3681468,12,2,10,10,2,202.919
2026-05-25 10:24:19.713,3681468,12,2,10,10,2,205.713
2026-05-25 10:24:36.624,3681468,62,2,60,10,2,222.624
2026-05-25 10:24:43.214,3681468,46,2,44,10,2,229.214
2026-05-25 10:24:43.401,3681468,46,2,44,10,2,229.401
2026-05-25 10:24:43.561,3681468,46,2,44,10,2,229.561
2026-05-25 10:24:43.565,3681468,46,2,44,10,2,229.565
2026-05-25 10:24:51.723,3681468,12,2,10,10,2,237.723
2026-05-25 10:24:52.144,3681468,13,3,10,10,2,238.144
2026-05-25 10:24:52.359,3681468,12,2,10,10,2,238.359
2026-05-25 10:24:54.500,3681468,12,2,10,10,2,240.5
2026-05-25 10:24:54.758,3681468,13,3,10,10,2,240.758
2026-05-25 10:24:55.812,3681468,13,3,10,10,2,241.812
2026-05-25 10:24:56.682,3681468,12,2,10,10,2,242.682
2026-05-25 10:25:01.049,3681468,12,2,10,10,2,247.049
2026-05-25 10:25:01.297,3681468,13,3,10,10,2,247.297
2026-05-25 10:25:01.543,3681468,12,2,10,10,2,247.543
2026-05-25 10:25:02.095,3681468,12,2,10,10,2,248.095
2026-05-25 10:25:02.305,3681468,13,3,10,10,2,248.305
2026-05-25 10:25:02.310,3681468,13,3,10,10,2,248.31
2026-05-25 10:25:02.356,3681468,13,3,10,10,2,248.356
2026-05-25 10:25:02.515,3681468,12,2,10,10,2,248.515
2026-05-25 10:25:08.874,3681468,12,2,10,10,2,254.874
2026-05-25 10:25:09.187,3681468,13,3,10,10,2,255.187
2026-05-25 10:25:09.497,3681468,12,2,10,10,2,255.497
2026-05-25 10:25:10.185,3681468,12,2,10,10,2,256.185
2026-05-25 10:25:13.671,3681468,12,2,10,10,2,259.671
2026-05-25 10:25:13.979,3681468,13,3,10,10,2,259.979
2026-05-25 10:25:14.284,3681468,12,2,10,10,2,260.284
2026-05-25 10:25:20.978,3681468,12,2,10,10,2,266.978
2026-05-25 10:25:20.979,3681468,12,2,10,10,2,266.979
2026-05-25 10:25:21.400,3681468,13,3,10,10,2,267.4
2026-05-25 10:25:21.900,3681468,12,2,10,10,2,267.9
2026-05-25 10:25:23.055,3681468,12,2,10,10,2,269.055
2026-05-25 10:25:36.610,3681468,12,2,10,10,2,282.61
2026-05-25 10:25:57.059,3681468,26,2,24,10,2,303.059
2026-05-25 10:26:01.134,3681468,12,2,10,10,2,307.134
2026-05-25 10:26:01.311,3681468,12,2,10,10,2,307.311
2026-05-25 10:26:01.389,3681468,13,3,10,10,2,307.389
2026-05-25 10:26:01.649,3681468,12,2,10,10,2,307.649
2026-05-25 10:26:02.401,3681468,12,2,10,10,2,308.401
2026-05-25 10:26:03.662,3681468,12,2,10,10,2,309.662
2026-05-25 10:26:03.920,3681468,13,3,10,10,2,309.92
2026-05-25 10:26:04.190,3681468,12,2,10,10,2,310.19
2026-05-25 10:26:04.972,3681468,12,2,10,10,2,310.972
2026-05-25 10:26:06.176,3681468,12,2,10,10,2,312.176
2026-05-25 10:26:06.420,3681468,13,3,10,10,2,312.42
2026-05-25 10:26:06.675,3681468,12,2,10,10,2,312.675
2026-05-25 10:26:09.046,3681468,12,2,10,10,2,315.046
2026-05-25 10:26:19.774,3681468,12,2,10,10,2,325.774
2026-05-25 10:26:20.785,3681468,12,2,10,10,2,326.785
2026-05-25 10:26:20.984,3681468,12,2,10,10,2,326.984
2026-05-25 10:26:21.033,3681468,13,3,10,10,2,327.033
2026-05-25 10:26:21.210,3681468,13,3,10,10,2,327.21
2026-05-25 10:26:21.285,3681468,12,2,10,10,2,327.285
2026-05-25 10:26:21.627,3681468,13,3,10,10,2,327.627
2026-05-25 10:26:21.838,3681468,12,2,10,10,2,327.838
2026-05-25 10:26:25.938,3681468,12,2,10,10,2,331.938
2026-05-25 10:26:30.085,3681468,12,2,10,10,2,336.085
2026-05-25 10:26:32.990,3681468,12,2,10,10,2,338.99
2026-05-25 10:26:34.638,3681468,12,2,10,10,2,340.638
2026-05-25 10:26:38.485,3681468,11,2,9,9,2,344.485
2026-05-25 10:26:38.768,3681468,11,2,9,9,2,344.768
2026-05-25 10:26:47.406,3681468,11,2,9,9,2,353.406
2026-05-25 10:26:54.446,3681468,12,3,9,9,2,360.446
2026-05-25 10:26:54.774,3681468,11,2,9,9,2,360.774
2026-05-25 10:26:54.774,3681468,11,2,9,9,2,360.774
2026-05-25 10:26:54.941,3681468,11,2,9,9,2,360.941
2026-05-25 10:27:02.658,3681468,51,2,49,10,2,368.658
2026-05-25 10:27:15.769,3681468,12,2,10,10,2,381.769
2026-05-25 10:27:16.079,3681468,13,3,10,10,2,382.079
2026-05-25 10:27:16.171,3681468,13,3,10,10,2,382.171
2026-05-25 10:27:16.397,3681468,12,2,10,10,2,382.397
2026-05-25 10:27:20.138,3681468,12,2,10,10,2,386.138
2026-05-25 10:27:20.140,3681468,12,2,10,10,2,386.14
2026-05-25 10:27:24.434,3681468,12,2,10,10,2,390.434
2026-05-25 10:27:27.034,3681468,12,2,10,10,2,393.034
2026-05-25 10:27:27.320,3681468,12,2,10,10,2,393.32
2026-05-25 10:27:30.729,3681468,12,2,10,10,2,396.729
2026-05-25 10:27:32.855,3681468,12,2,10,10,2,398.855
2026-05-25 10:27:32.879,3681468,12,2,10,10,2,398.879
2026-05-25 10:27:33.296,3681468,13,3,10,10,2,399.296
2026-05-25 10:27:33.509,3681468,12,2,10,10,2,399.509
2026-05-25 10:27:39.454,3681468,12,2,10,10,2,405.454
2026-05-25 10:27:39.731,3681468,13,3,10,10,2,405.731
2026-05-25 10:27:39.748,3681468,13,3,10,10,2,405.748
2026-05-25 10:27:40.023,3681468,12,2,10,10,2,406.023
2026-05-25 10:27:40.135,3681468,12,2,10,10,2,406.135
2026-05-25 10:27:41.364,3681468,12,2,10,10,2,407.364
2026-05-25 10:27:41.569,3681468,13,3,10,10,2,407.569
2026-05-25 10:27:41.779,3681468,12,2,10,10,2,407.779
2026-05-25 10:27:43.986,3681468,12,2,10,10,2,409.986
2026-05-25 10:27:47.982,3681469,12,2,10,0,0,413.982
2026-05-25 10:27:50.907,3681469,12,2,10,0,0,416.907
2026-05-25 10:27:51.148,3681469,12,2,10,0,0,417.148
2026-05-25 10:27:57.361,3681469,12,2,10,0,0,423.361
2026-05-25 10:27:59.288,3681469,12,2,10,0,0,425.288
2026-05-25 10:28:00.630,3681469,12,2,10,0,0,426.63
2026-05-25 10:28:01.255,3681469,12,2,10,0,0,427.255
2026-05-25 10:28:10.649,3681469,126,2,124,0,0,436.649
2026-05-25 10:28:10.887,3681469,111,3,108,0,0,436.887
2026-05-25 10:28:11.127,3681469,96,2,94,0,0,437.127
2026-05-25 10:28:13.926,3681469,45,2,43,0,0,439.926
2026-05-25 10:28:19.837,3681469,23,2,21,0,1,445.837
2026-05-25 10:28:20.094,3681469,23,2,21,0,1,446.094
2026-05-25 10:28:22.530,3681469,21,2,19,0,1,448.53
2026-05-25 10:28:23.280,3681469,6,1,5,0,1,449.28
2026-05-25 10:28:23.718,3681469,6,1,5,0,1,449.718
2026-05-25 10:28:31.782,3681469,12,1,11,6,1,457.782
2026-05-25 10:28:32.216,3681469,13,2,11,6,1,458.216
2026-05-25 10:28:32.429,3681469,12,1,11,6,1,458.429
2026-05-25 10:28:32.784,3681469,12,1,11,6,1,458.784
2026-05-25 10:28:44.159,3681469,12,1,11,11,1,470.159
2026-05-25 10:29:07.212,3681470,12,1,11,0,0,493.212
2026-05-25 10:29:07.915,3681470,12,1,11,0,0,493.915
2026-05-25 10:29:12.460,3681471,12,1,11,0,0,498.46
2026-05-25 10:29:17.915,3681471,12,1,11,0,0,503.915
2026-05-25 10:29:24.593,3681471,46,1,45,0,0,510.593
2026-05-25 10:29:27.736,3681471,32,1,31,0,0,513.736
2026-05-25 10:29:28.602,3681471,21,1,20,0,1,514.602
2026-05-25 10:29:30.949,3681471,21,1,20,0,1,516.949
2026-05-25 10:29:35.907,3681471,13,2,11,0,1,521.907
2026-05-25 10:29:36.195,3681471,12,1,11,0,1,522.195
2026-05-25 10:29:41.315,3681471,12,1,11,11,1,527.315
2026-05-25 10:29:42.215,3681471,12,1,11,11,1,528.215
2026-05-25 10:29:42.853,3681471,12,1,11,11,1,528.853
2026-05-25 10:29:43.039,3681471,13,2,11,11,1,529.039
2026-05-25 10:29:43.207,3681471,12,1,11,11,1,529.207
2026-05-25 10:30:01.825,3681471,12,2,10,10,1,547.825
2026-05-25 10:30:01.990,3681471,11,1,10,10,1,547.99
2026-05-25 10:30:02.259,3681471,12,2,10,10,1,548.259
2026-05-25 10:30:02.751,3681471,11,1,10,10,1,548.751
2026-05-25 10:30:02.829,3681471,11,1,10,10,1,548.829
2026-05-25 10:30:03.108,3681471,11,1,10,10,1,549.108
2026-05-25 10:30:05.843,3681471,11,1,10,10,1,551.843
2026-05-25 10:30:08.480,3681471,11,1,10,10,1,554.48
2026-05-25 10:30:09.903,3681471,11,1,10,10,1,555.903
2026-05-25 10:30:09.917,3681471,11,1,10,10,1,555.917
2026-05-25 10:30:10.467,3681471,11,1,10,10,1,556.467
2026-05-25 10:30:19.939,3681471,12,2,10,10,1,565.939
2026-05-25 10:30:21.224,3681471,12,2,10,10,1,567.224
2026-05-25 10:30:21.248,3681471,11,1,10,10,1,567.248
2026-05-25 10:30:21.388,3681471,11,1,10,10,1,567.388
2026-05-25 10:30:22.478,3681471,12,2,10,10,1,568.478
2026-05-25 10:30:27.124,3681471,12,2,10,10,2,573.124
2026-05-25 10:30:27.164,3681471,12,2,10,10,2,573.164
2026-05-25 10:30:31.139,3681471,12,2,10,10,2,577.139
2026-05-25 10:30:36.400,3681471,61,2,59,10,2,582.4
2026-05-25 10:30:36.402,3681471,61,2,59,10,2,582.402
2026-05-25 10:30:50.775,3681471,12,2,10,10,2,596.775
2026-05-25 10:30:51.232,3681471,13,3,10,10,2,597.232
2026-05-25 10:30:51.461,3681471,12,2,10,10,2,597.461
2026-05-25 10:30:57.766,3681471,12,2,10,10,2,603.766
2026-05-25 10:31:00.482,3681471,12,2,10,10,2,606.482
2026-05-25 10:31:01.658,3681471,12,2,10,10,2,607.658
2026-05-25 10:31:09.525,3681471,12,2,10,10,2,615.525
2026-05-25 10:31:09.708,3681471,12,2,10,10,2,615.708
2026-05-25 10:31:16.234,3681471,12,2,10,10,2,622.234
2026-05-25 10:31:18.554,3681471,12,2,10,10,2,624.554
2026-05-25 10:31:18.896,3681471,12,2,10,10,2,624.896
2026-05-25 10:31:20.632,3681471,12,2,10,10,2,626.632
2026-05-25 10:31:28.333,3681471,12,2,10,10,2,634.333
2026-05-25 10:31:28.557,3681471,13,3,10,10,2,634.557
2026-05-25 10:31:28.563,3681471,13,3,10,10,2,634.563
2026-05-25 10:31:28.785,3681471,12,2,10,10,2,634.785
2026-05-25 10:31:37.198,3681471,12,2,10,10,2,643.198
2026-05-25 10:31:37.198,3681471,12,2,10,10,2,643.198
2026-05-25 10:31:59.446,3681471,11,2,9,9,2,665.446
2026-05-25 10:31:59.463,3681471,11,2,9,9,2,665.463
2026-05-25 10:32:18.952,3681471,12,2,10,10,2,684.952
2026-05-25 10:32:19.484,3681471,12,2,10,10,2,685.484
2026-05-25 10:32:19.630,3681471,12,2,10,10,2,685.63
2026-05-25 10:32:19.651,3681471,13,3,10,10,2,685.651
2026-05-25 10:32:19.811,3681471,12,2,10,10,2,685.811
2026-05-25 10:32:25.812,3681471,12,2,10,10,2,691.812
2026-05-25 10:32:25.975,3681471,13,3,10,10,2,691.975
2026-05-25 10:32:25.977,3681471,13,3,10,10,2,691.977
2026-05-25 10:32:26.132,3681471,12,2,10,10,2,692.132
2026-05-25 10:32:27.442,3681471,12,2,10,10,2,693.442
2026-05-25 10:32:31.601,3681471,12,2,10,10,2,697.601
2026-05-25 10:32:31.899,3681471,13,3,10,10,2,697.899
2026-05-25 10:32:31.912,3681471,13,3,10,10,2,697.912
2026-05-25 10:32:33.014,3681471,12,2,10,10,2,699.014
2026-05-25 10:32:43.869,3681471,12,2,10,10,2,709.869
2026-05-25 10:32:44.617,3681471,12,2,10,10,2,710.617
2026-05-25 10:32:46.296,3681471,12,2,10,10,2,712.296
2026-05-25 10:32:46.553,3681471,12,2,10,10,2,712.553
2026-05-25 10:33:01.402,3681471,51,2,49,10,2,727.402
2026-05-25 10:33:02.543,3681471,51,2,49,10,2,728.543
2026-05-25 10:33:15.966,3681471,12,2,10,10,2,741.966
2026-05-25 10:33:16.192,3681471,13,3,10,10,2,742.192
2026-05-25 10:33:16.406,3681471,12,2,10,10,2,742.406
2026-05-25 10:33:32.322,3681471,12,2,10,10,2,758.322
2026-05-25 10:33:32.729,3681471,13,3,10,10,2,758.729
2026-05-25 10:33:32.746,3681471,13,3,10,10,2,758.746
2026-05-25 10:33:33.026,3681471,12,2,10,10,2,759.026
2026-05-25 10:33:37.187,3681471,12,2,10,10,2,763.187
2026-05-25 10:33:43.995,3681471,12,2,10,10,2,769.995
2026-05-25 10:33:44.434,3681471,13,3,10,10,2,770.434
2026-05-25 10:33:44.647,3681471,12,2,10,10,2,770.647
2026-05-25 10:33:45.659,3681471,12,2,10,10,2,771.659
2026-05-25 10:33:54.017,3681471,12,2,10,10,2,780.017
2026-05-25 10:33:54.017,3681471,12,2,10,10,2,780.017
2026-05-25 10:34:05.596,3681471,12,2,10,10,2,791.596
2026-05-25 10:34:05.825,3681471,12,2,10,10,2,791.825
2026-05-25 10:34:06.030,3681471,12,2,10,10,2,792.03
2026-05-25 10:34:06.995,3681471,12,2,10,10,2,792.995
2026-05-25 10:34:14.513,3681471,78,2,76,10,2,800.513
2026-05-25 10:34:14.785,3681471,78,2,76,10,2,800.785
2026-05-25 10:34:20.590,3681471,34,2,32,10,2,806.59
2026-05-25 10:34:26.097,3681471,12,2,10,10,2,812.097
2026-05-25 10:34:26.261,3681471,13,3,10,10,2,812.261
2026-05-25 10:34:26.423,3681471,12,2,10,10,2,812.423
2026-05-25 10:34:27.501,3681471,12,2,10,10,2,813.501
2026-05-25 10:34:31.177,3681471,12,2,10,10,2,817.177
2026-05-25 10:34:32.854,3681471,12,2,10,10,2,818.854
2026-05-25 10:35:00.070,3681471,12,2,10,10,2,846.07
2026-05-25 10:35:00.579,3681471,12,2,10,10,2,846.579
2026-05-25 10:35:05.072,3681471,11,1,10,10,1,851.072
2026-05-25 10:35:11.452,3681471,12,1,11,11,1,857.452
2026-05-25 10:35:22.939,3681473,12,1,11,0,0,868.939
2026-05-25 10:35:44.949,3681473,12,1,11,0,0,890.949
2026-05-25 10:35:45.106,3681473,12,1,11,0,0,891.106
2026-05-25 10:35:47.435,3681473,12,1,11,0,0,893.435
2026-05-25 10:35:47.936,3681473,12,1,11,0,0,893.936
2026-05-25 10:35:48.326,3681473,12,1,11,0,0,894.326
2026-05-25 10:36:03.099,3681473,12,1,11,0,1,909.099
2026-05-25 10:36:03.665,3681473,12,1,11,0,1,909.665
2026-05-25 10:36:06.603,3681473,12,1,11,0,1,912.603
2026-05-25 10:36:06.785,3681473,12,1,11,0,1,912.785
2026-05-25 10:36:06.807,3681473,12,1,11,0,1,912.807
2026-05-25 10:36:17.573,3681473,12,1,11,11,1,923.573
2026-05-25 10:36:19.971,3681473,13,2,11,11,1,925.971
2026-05-25 10:36:21.212,3681473,12,1,11,11,1,927.212
2026-05-25 10:36:32.985,3681473,12,1,11,11,1,938.985
2026-05-25 10:36:39.577,3681473,63,1,62,11,1,945.577
2026-05-25 10:36:48.922,3681473,32,1,31,10,1,954.922
2026-05-25 10:36:48.923,3681473,32,1,31,10,1,954.923
2026-05-25 10:36:50.042,3681473,5,1,4,4,1,956.042
2026-05-25 10:36:50.747,3681473,5,1,4,4,1,956.747
2026-05-25 10:36:51.150,3681473,5,1,4,4,1,957.15
2026-05-25 10:36:59.677,3681473,7,1,6,6,1,965.677
2026-05-25 10:37:10.627,3681473,12,1,11,11,1,976.627
2026-05-25 10:37:10.633,3681473,12,1,11,11,1,976.633
2026-05-25 10:37:20.815,3681473,12,1,11,11,1,986.815
2026-05-25 10:37:33.025,3681473,12,1,11,11,1,999.025
2026-05-25 10:37:34.277,3681473,13,2,11,11,1,1000.277
2026-05-25 10:37:34.442,3681473,12,1,11,11,1,1000.442
2026-05-25 10:37:34.864,3681473,12,1,11,11,1,1000.864
2026-05-25 10:37:41.510,3681473,12,1,11,11,1,1007.51
2026-05-25 10:37:59.058,3681473,14,1,13,11,1,1025.058
2026-05-25 10:38:08.133,3681473,12,1,11,11,1,1034.133
2026-05-25 10:38:28.967,3681473,11,1,10,10,1,1054.967
2026-05-25 10:38:29.175,3681473,12,2,10,10,1,1055.175
2026-05-25 10:38:29.201,3681473,12,2,10,10,1,1055.201
2026-05-25 10:38:29.381,3681473,11,1,10,10,1,1055.381
2026-05-25 10:38:34.268,3681473,12,1,11,11,1,1060.268
2026-05-25 10:38:35.776,3681473,12,1,11,11,1,1061.776
2026-05-25 10:38:36.579,3681473,12,1,11,11,1,1062.579
2026-05-25 10:38:36.812,3681473,12,1,11,11,1,1062.812
2026-05-25 10:38:56.758,3681473,12,1,11,11,1,1082.758
2026-05-25 10:38:57.225,3681473,12,1,11,11,1,1083.225
2026-05-25 10:38:57.233,3681473,13,2,11,11,1,1083.233
2026-05-25 10:38:57.414,3681473,12,1,11,11,1,1083.414
2026-05-25 10:38:58.301,3681473,12,1,11,11,1,1084.301
2026-05-25 10:39:19.067,3681473,12,1,11,11,1,1105.067
2026-05-25 10:39:19.215,3681473,13,2,11,11,1,1105.215
2026-05-25 10:39:19.220,3681473,13,2,11,11,1,1105.22
2026-05-25 10:39:19.364,3681473,12,1,11,11,1,1105.364
2026-05-25 10:39:33.473,3681473,12,1,11,11,1,1119.473
2026-05-25 10:39:33.475,3681473,12,1,11,11,1,1119.475
2026-05-25 10:39:37.615,3681473,12,1,11,11,1,1123.615
2026-05-25 10:39:37.831,3681473,12,1,11,11,1,1123.831
2026-05-25 10:39:37.850,3681473,13,2,11,11,1,1123.85
2026-05-25 10:39:38.774,3681473,12,1,11,11,1,1124.774
2026-05-25 10:40:00.386,3681474,12,1,11,0,0,1146.386
2026-05-25 10:40:09.726,3681474,12,1,11,0,0,1155.726
2026-05-25 10:40:22.758,3681474,13,1,12,0,0,1168.758
2026-05-25 10:40:26.073,3681474,13,1,12,0,0,1172.073
2026-05-25 10:40:37.207,3681474,12,1,11,11,1,1183.207
2026-05-25 10:40:37.728,3681474,12,1,11,11,1,1183.728
2026-05-25 10:40:38.166,3681474,13,2,11,11,1,1184.166
2026-05-25 10:40:39.682,3681474,13,2,11,11,1,1185.682
2026-05-25 10:40:42.293,3681474,13,2,11,11,1,1188.293
2026-05-25 10:40:47.361,3681474,13,2,11,11,1,1193.361
2026-05-25 10:40:48.682,3681474,13,2,11,11,1,1194.682
2026-05-25 10:41:01.897,3681474,13,2,11,11,1,1207.897
2026-05-25 10:41:06.326,3681474,13,2,11,11,1,1212.326
2026-05-25 10:41:07.742,3681474,13,2,11,11,1,1213.742
2026-05-25 10:41:15.177,3681474,13,2,11,11,1,1221.177
2026-05-25 10:41:15.499,3681474,13,2,11,11,1,1221.499
2026-05-25 10:41:43.541,3681474,13,2,11,11,1,1249.541
2026-05-25 10:41:52.439,3681474,12,2,10,10,1,1258.439
2026-05-25 10:42:12.281,3681474,12,2,10,10,1,1278.281
2026-05-25 10:42:26.170,3681474,12,2,10,10,1,1292.17
2026-05-25 10:42:26.454,3681474,12,2,10,10,1,1292.454
2026-05-25 10:42:26.704,3681474,12,2,10,10,1,1292.704
2026-05-25 10:42:27.634,3681474,12,2,10,10,1,1293.634
2026-05-25 10:42:38.168,3681474,11,1,10,10,1,1304.168
2026-05-25 10:42:43.593,3681474,57,1,56,11,1,1309.593
2026-05-25 10:42:45.299,3681474,56,1,55,11,1,1311.299
2026-05-25 10:43:19.852,3681476,12,1,11,0,0,1345.852
2026-05-25 10:43:21.330,3681476,13,2,11,0,0,1347.33
2026-05-25 10:43:21.642,3681476,12,1,11,0,0,1347.642
2026-05-25 10:43:21.989,3681476,12,1,11,0,0,1347.989
2026-05-25 10:43:23.825,3681476,12,1,11,0,0,1349.825
2026-05-25 10:43:30.422,3681476,12,1,11,0,0,1356.422
2026-05-25 10:43:30.596,3681476,12,1,11,0,0,1356.596
2026-05-25 10:43:30.675,3681476,13,2,11,0,0,1356.675
2026-05-25 10:43:30.932,3681476,12,1,11,0,0,1356.932
2026-05-25 10:43:33.425,3681476,12,1,11,0,0,1359.425
2026-05-25 10:43:33.425,3681476,12,1,11,0,0,1359.425
2026-05-25 10:43:34.429,3681476,12,1,11,1,0,1360.429
2026-05-25 10:43:35.328,3681476,13,2,11,1,1,1361.328
2026-05-25 10:43:35.504,3681476,12,1,11,1,1,1361.504
2026-05-25 10:43:36.161,3681476,12,1,11,1,1,1362.161
2026-05-25 10:43:36.403,3681476,12,1,11,1,1,1362.403
2026-05-25 10:43:36.436,3681476,13,2,11,1,1,1362.436
2026-05-25 10:43:36.715,3681476,12,1,11,1,1,1362.715
2026-05-25 10:43:47.895,3681476,12,1,11,11,1,1373.895
2026-05-25 10:43:47.960,3681476,12,1,11,11,1,1373.96
2026-05-25 10:43:48.389,3681476,13,2,11,11,1,1374.389
2026-05-25 10:43:48.609,3681476,12,1,11,11,1,1374.609
2026-05-25 10:43:57.437,3681476,70,1,69,11,1,1383.437
2026-05-25 10:44:23.741,3681477,12,1,11,0,0,1409.741
2026-05-25 10:44:32.027,3681477,12,1,11,0,0,1418.027
2026-05-25 10:44:32.254,3681477,12,1,11,0,0,1418.254
2026-05-25 10:44:33.018,3681477,12,1,11,0,0,1419.018
2026-05-25 10:44:33.380,3681477,12,1,11,0,0,1419.38
2026-05-25 10:44:33.381,3681477,12,1,11,0,0,1419.381
2026-05-25 10:44:36.225,3681477,12,1,11,0,0,1422.225
2026-05-25 10:44:36.438,3681477,12,1,11,0,0,1422.438
2026-05-25 10:44:36.667,3681477,13,2,11,0,0,1422.667
2026-05-25 10:44:36.780,3681477,13,2,11,0,0,1422.78
2026-05-25 10:44:37.591,3681477,13,2,11,0,0,1423.591
2026-05-25 10:44:40.349,3681477,13,2,11,0,1,1426.349
2026-05-25 10:44:41.899,3681477,13,2,11,0,1,1427.899
2026-05-25 10:44:42.698,3681477,14,3,11,0,1,1428.698
2026-05-25 10:44:43.019,3681477,13,2,11,0,1,1429.019
2026-05-25 10:44:50.936,3681477,13,2,11,11,1,1436.936
2026-05-25 10:44:51.401,3681477,13,2,11,11,1,1437.401
2026-05-25 10:44:52.021,3681477,14,3,11,11,1,1438.021
2026-05-25 10:44:52.234,3681477,13,2,11,11,1,1438.234
2026-05-25 10:44:54.122,3681477,13,2,11,11,1,1440.122
2026-05-25 10:44:56.262,3681477,13,2,11,11,1,1442.262
2026-05-25 10:44:56.493,3681477,13,2,11,11,1,1442.493
2026-05-25 10:45:00.805,3681477,13,2,11,11,1,1446.805
2026-05-25 10:45:07.334,3681477,62,2,60,11,1,1453.334
2026-05-25 10:45:14.832,3681477,31,1,30,11,0,1460.832
2026-05-25 10:45:49.585,3681477,12,1,11,11,0,1495.585
2026-05-25 10:45:51.377,3681477,12,1,11,11,0,1497.377
2026-05-25 10:45:51.602,3681477,12,1,11,11,0,1497.602
2026-05-25 10:45:52.039,3681477,13,2,11,11,0,1498.039
2026-05-25 10:45:52.254,3681477,12,1,11,11,0,1498.254
2026-05-25 10:45:52.903,3681477,12,1,11,11,0,1498.903
2026-05-25 10:45:53.025,3681477,12,1,11,11,0,1499.025
2026-05-25 10:45:53.252,3681477,12,1,11,11,0,1499.252
2026-05-25 10:45:54.106,3681477,12,1,11,11,0,1500.106
2026-05-25 10:45:54.361,3681477,12,1,11,11,0,1500.361
2026-05-25 10:45:56.885,3681477,12,1,11,11,0,1502.885
2026-05-25 10:46:14.097,3681477,11,0,11,11,0,1520.097
2026-05-25 10:46:19.065,3681477,49,0,49,12,0,1525.065
2026-05-25 10:46:20.769,3681477,42,0,42,12,0,1526.769
2026-05-25 10:46:29.652,3681477,12,0,12,12,0,1535.652
2026-05-25 10:46:29.653,3681477,12,0,12,12,0,1535.653
2026-05-25 10:46:37.916,3681477,12,0,12,12,0,1543.916
2026-05-25 10:46:38.157,3681477,13,1,12,12,0,1544.157
2026-05-25 10:46:38.395,3681477,12,0,12,12,0,1544.395
2026-05-25 10:46:40.882,3681477,12,0,12,12,0,1546.882
2026-05-25 10:46:41.071,3681477,12,0,12,12,0,1547.071
2026-05-25 10:46:43.042,3681477,12,0,12,12,0,1549.042
2026-05-25 10:46:43.326,3681477,12,0,12,12,0,1549.326
2026-05-25 10:46:49.521,3681477,12,0,12,12,0,1555.521
2026-05-25 10:46:49.709,3681477,12,0,12,12,0,1555.709
2026-05-25 10:46:50.242,3681477,12,0,12,12,0,1556.242
2026-05-25 10:47:01.252,3681477,12,0,12,12,0,1567.252
2026-05-25 10:47:04.053,3681477,12,0,12,12,0,1570.053
2026-05-25 10:47:27.870,3681477,140,0,140,12,0,1593.87
2026-05-25 10:47:32.271,3681477,41,0,41,12,0,1598.271
2026-05-25 10:47:33.508,3681477,41,0,41,12,0,1599.508
2026-05-25 10:47:33.903,3681477,41,0,41,12,0,1599.903
2026-05-25 10:47:48.967,3681477,12,0,12,12,0,1614.967
2026-05-25 10:47:50.772,3681477,12,0,12,12,0,1616.772
2026-05-25 10:48:05.995,3681477,12,0,12,12,0,1631.995
2026-05-25 10:48:17.871,3681477,12,0,12,12,0,1643.871
2026-05-25 10:48:18.045,3681477,12,0,12,12,0,1644.045
2026-05-25 10:48:18.135,3681477,12,0,12,12,0,1644.135
2026-05-25 10:48:22.067,3681477,12,0,12,12,0,1648.067
2026-05-25 10:48:22.284,3681477,12,0,12,12,0,1648.284
2026-05-25 10:48:33.090,3681477,12,0,12,12,0,1659.09
2026-05-25 10:48:33.287,3681477,12,0,12,12,0,1659.287
2026-05-25 10:48:34.847,3681477,12,0,12,12,0,1660.847
2026-05-25 10:48:35.563,3681477,12,0,12,12,0,1661.563
2026-05-25 10:48:35.773,3681477,12,0,12,12,0,1661.773
2026-05-25 10:48:36.192,3681477,13,1,12,12,0,1662.192
2026-05-25 10:48:36.400,3681477,12,0,12,12,0,1662.4
2026-05-25 10:48:36.773,3681477,12,0,12,12,0,1662.773
2026-05-25 10:48:43.928,3681477,46,0,46,11,0,1669.928
2026-05-25 10:48:44.353,3681477,46,0,46,11,0,1670.353
2026-05-25 10:49:22.425,3681477,12,0,12,12,0,1708.425
2026-05-25 10:49:32.125,3681477,12,0,12,12,0,1718.125
2026-05-25 10:49:39.227,3681477,12,0,12,12,0,1725.227
2026-05-25 10:49:39.526,3681477,13,1,12,12,0,1725.526
2026-05-25 10:49:39.829,3681477,12,0,12,12,0,1725.829
2026-05-25 10:49:39.835,3681477,12,0,12,12,0,1725.835
2026-05-25 10:49:40.896,3681477,12,0,12,12,0,1726.896
2026-05-25 10:49:43.901,3681477,12,0,12,12,0,1729.901
2026-05-25 10:49:47.034,3681477,12,0,12,12,0,1733.034
2026-05-25 10:49:48.310,3681477,12,0,12,12,0,1734.31
2026-05-25 10:49:48.893,3681477,12,0,12,12,0,1734.893
2026-05-25 10:49:49.379,3681477,12,0,12,12,0,1735.379
2026-05-25 10:50:06.053,3681477,12,0,12,12,0,1752.053
2026-05-25 10:50:06.053,3681477,12,0,12,12,0,1752.053
2026-05-25 10:50:06.066,3681477,12,0,12,12,0,1752.066
2026-05-25 10:50:06.484,3681477,12,0,12,12,0,1752.484
2026-05-25 10:50:11.637,3681477,12,0,12,12,0,1757.637
2026-05-25 10:50:16.676,3681477,12,0,12,12,0,1762.676
2026-05-25 10:50:16.863,3681477,12,0,12,12,0,1762.863
2026-05-25 10:50:16.901,3681477,13,1,12,12,0,1762.901
2026-05-25 10:50:17.069,3681477,12,0,12,12,0,1763.069
2026-05-25 10:50:18.425,3681477,11,0,11,11,0,1764.425
2026-05-25 10:50:18.850,3681477,12,1,11,11,0,1764.85
2026-05-25 10:50:19.061,3681477,11,0,11,11,0,1765.061
2026-05-25 10:50:24.988,3681477,12,1,11,11,0,1770.988
2026-05-25 10:50:25.361,3681477,12,1,11,11,0,1771.361
2026-05-25 10:50:25.389,3681477,11,0,11,11,0,1771.389
2026-05-25 10:50:25.518,3681477,11,0,11,11,0,1771.518
2026-05-25 10:50:29.064,3681477,11,0,11,11,0,1775.064
2026-05-25 10:50:29.347,3681477,11,0,11,11,0,1775.347
2026-05-25 10:50:33.023,3681478,11,0,11,0,0,1779.023
2026-05-25 10:50:37.684,3681478,12,1,11,0,0,1783.684
2026-05-25 10:50:38.146,3681478,12,1,11,0,0,1784.146
2026-05-25 10:50:38.259,3681478,11,0,11,0,0,1784.259
2026-05-25 10:50:38.378,3681478,11,0,11,0,0,1784.378
2026-05-25 10:50:45.732,3681478,11,0,11,0,0,1791.732
2026-05-25 10:50:46.035,3681478,11,0,11,0,0,1792.035
2026-05-25 10:50:49.926,3681478,11,0,11,0,0,1795.926
2026-05-25 10:50:50.130,3681478,12,1,11,0,0,1796.13
2026-05-25 10:50:50.150,3681478,12,1,11,0,0,1796.15
2026-05-25 10:50:50.328,3681478,11,0,11,0,0,1796.328
2026-05-25 10:50:54.367,3681478,11,0,11,0,0,1800.367
2026-05-25 10:50:54.567,3681478,11,0,11,0,0,1800.567
2026-05-25 10:51:00.430,3681478,12,1,11,0,0,1806.43
2026-05-25 10:51:00.739,3681478,12,1,11,0,0,1806.739
2026-05-25 10:51:00.760,3681478,11,0,11,0,0,1806.76
2026-05-25 10:51:00.894,3681478,11,0,11,0,0,1806.894
2026-05-25 10:51:01.957,3681478,12,1,11,0,0,1807.957
2026-05-25 10:51:02.377,3681478,12,1,11,0,0,1808.377
2026-05-25 10:51:02.562,3681478,12,1,11,0,1,1808.562
2026-05-25 10:51:21.150,3681478,12,1,11,0,1,1827.15
2026-05-25 10:51:21.613,3681478,12,1,11,0,1,1827.613
2026-05-25 10:51:49.768,3681479,12,1,11,0,0,1855.768
2026-05-25 10:52:00.874,3681479,12,2,10,0,1,1866.874
2026-05-25 10:52:01.254,3681479,12,2,10,0,1,1867.254
2026-05-25 10:52:01.320,3681479,11,1,10,0,1,1867.32
2026-05-25 10:52:01.420,3681479,11,1,10,0,1,1867.42
2026-05-25 10:52:16.558,3681479,147,1,146,1,1,1882.558
2026-05-25 10:52:16.561,3681479,145,1,144,1,1,1882.561
2026-05-25 10:52:17.862,3681479,88,1,87,1,1,1883.862
2026-05-25 10:52:18.704,3681479,77,1,76,1,1,1884.704
2026-05-25 10:52:31.047,3681481,12,1,11,0,0,1897.047
2026-05-25 10:52:43.535,3681481,12,1,11,0,0,1909.535
2026-05-25 10:52:43.763,3681481,13,2,11,0,0,1909.763
2026-05-25 10:52:43.994,3681481,12,1,11,0,0,1909.994
2026-05-25 10:52:46.952,3681481,12,1,11,0,0,1912.952
2026-05-25 10:53:21.399,3681481,12,1,11,0,1,1947.399
2026-05-25 10:53:21.400,3681481,12,1,11,0,1,1947.4
2026-05-25 10:53:21.600,3681481,12,1,11,0,1,1947.6
2026-05-25 10:53:22.250,3681481,12,1,11,0,1,1948.25
2026-05-25 10:53:22.251,3681481,12,1,11,0,1,1948.251
2026-05-25 10:53:24.817,3681481,12,1,11,0,1,1950.817
2026-05-25 10:53:25.244,3681481,13,2,11,0,1,1951.244
2026-05-25 10:53:25.459,3681481,12,1,11,0,1,1951.459
2026-05-25 10:53:25.470,3681481,12,1,11,0,1,1951.47
2026-05-25 10:53:32.869,3681482,51,1,50,11,1,1958.869
2026-05-25 10:53:33.043,3681482,51,1,50,11,1,1959.043
2026-05-25 10:53:33.104,3681482,51,1,50,11,1,1959.104
2026-05-25 10:53:33.474,3681482,52,2,50,11,1,1959.474
2026-05-25 10:53:33.966,3681482,40,2,38,11,1,1959.966
2026-05-25 10:53:34.691,3681482,29,2,27,11,1,1960.691
2026-05-25 10:53:39.077,3681482,29,2,27,11,1,1965.077
2026-05-25 10:53:39.276,3681482,29,2,27,11,1,1965.276
2026-05-25 10:53:51.836,3681482,12,2,10,10,1,1977.836
2026-05-25 10:53:51.837,3681482,12,2,10,10,1,1977.837
2026-05-25 10:54:07.243,3681482,12,2,10,10,1,1993.243
2026-05-25 10:54:33.071,3681483,12,2,10,0,0,2019.071
2026-05-25 10:54:33.290,3681483,12,2,10,0,0,2019.29
2026-05-25 10:54:33.720,3681483,13,3,10,0,0,2019.72
2026-05-25 10:54:33.935,3681483,12,2,10,0,0,2019.935
2026-05-25 10:54:37.750,3681483,12,2,10,10,1,2023.75
2026-05-25 10:54:44.823,3681483,59,2,57,10,1,2030.823
2026-05-25 10:55:07.615,3681483,12,2,10,10,1,2053.615
2026-05-25 10:55:09.346,3681483,12,2,10,10,1,2055.346
2026-05-25 10:55:09.664,3681483,13,3,10,10,1,2055.664
2026-05-25 10:55:09.678,3681483,13,3,10,10,1,2055.678
2026-05-25 10:55:09.975,3681483,12,2,10,10,1,2055.975
2026-05-25 10:55:17.912,3681483,12,2,10,10,1,2063.912
2026-05-25 10:55:18.206,3681483,12,2,10,10,1,2064.206
2026-05-25 10:55:33.475,3681483,11,1,10,10,1,2079.475
2026-05-25 10:55:42.978,3681483,12,1,11,11,1,2088.978
2026-05-25 10:55:43.178,3681483,13,2,11,11,1,2089.178
2026-05-25 10:55:43.380,3681483,12,1,11,11,1,2089.38
2026-05-25 10:55:52.498,3681483,144,1,143,11,1,2098.498
2026-05-25 10:55:53.746,3681483,83,2,81,11,1,2099.746
2026-05-25 10:55:54.642,3681483,69,1,68,11,1,2100.642
2026-05-25 10:55:57.497,3681483,54,1,53,11,1,2103.497
2026-05-25 10:56:00.322,3681483,31,1,30,11,1,2106.322
2026-05-25 10:56:03.104,3681484,31,1,30,0,0,2109.104
2026-05-25 10:56:03.259,3681484,32,2,30,0,0,2109.259
2026-05-25 10:56:03.416,3681484,31,1,30,0,0,2109.416
2026-05-25 10:56:03.861,3681484,31,1,30,0,1,2109.861
2026-05-25 10:56:05.926,3681484,12,1,11,0,1,2111.926
2026-05-25 10:56:06.173,3681484,13,2,11,0,1,2112.173
2026-05-25 10:56:06.195,3681484,13,2,11,0,1,2112.195
2026-05-25 10:56:06.418,3681484,12,1,11,0,1,2112.418
2026-05-25 10:56:06.882,3681484,12,1,11,0,1,2112.882
2026-05-25 10:56:07.132,3681484,13,2,11,0,1,2113.132
2026-05-25 10:56:07.140,3681484,13,2,11,0,1,2113.14
2026-05-25 10:56:07.386,3681484,12,1,11,0,1,2113.386
2026-05-25 10:56:26.500,3681485,12,1,11,0,0,2132.5
2026-05-25 10:56:30.833,3681485,12,1,11,0,0,2136.833
2026-05-25 10:56:33.545,3681485,12,1,11,0,0,2139.545
2026-05-25 10:56:35.499,3681485,12,1,11,0,0,2141.499
2026-05-25 10:56:36.867,3681485,12,1,11,0,0,2142.867
2026-05-25 10:56:36.868,3681485,12,1,11,0,0,2142.868
2026-05-25 10:56:42.242,3681485,12,1,11,0,0,2148.242
2026-05-25 10:56:42.426,3681485,12,1,11,0,0,2148.426
2026-05-25 10:56:50.518,3681485,12,1,11,11,1,2156.518
2026-05-25 10:56:52.003,3681485,12,1,11,11,1,2158.003
2026-05-25 10:56:52.424,3681485,13,2,11,11,1,2158.424
2026-05-25 10:56:52.641,3681485,12,1,11,11,1,2158.641
2026-05-25 10:57:13.043,3681485,32,1,31,10,1,2179.043
2026-05-25 10:57:18.527,3681485,7,1,6,6,1,2184.527
2026-05-25 10:57:20.058,3681485,10,1,9,9,1,2186.058
2026-05-25 10:57:20.272,3681485,10,1,9,9,1,2186.272
2026-05-25 10:57:24.306,3681485,10,1,9,9,1,2190.306
2026-05-25 10:57:24.454,3681485,11,2,9,9,1,2190.454
2026-05-25 10:57:24.604,3681485,10,1,9,9,1,2190.604
2026-05-25 10:57:34.450,3681485,12,1,11,11,1,2200.45
2026-05-25 10:57:36.102,3681485,12,1,11,11,1,2202.102
2026-05-25 10:57:49.601,3681485,12,1,11,11,1,2215.601
2026-05-25 10:58:17.018,3681485,249,1,248,11,1,2243.018
2026-05-25 10:58:17.020,3681485,249,1,248,11,1,2243.02
2026-05-25 10:58:18.967,3681485,137,1,136,11,1,2244.967
2026-05-25 10:58:21.134,3681485,113,1,112,11,1,2247.134
2026-05-25 10:58:21.154,3681485,113,1,112,11,1,2247.154
2026-05-25 10:58:22.050,3681485,112,1,111,11,1,2248.05
2026-05-25 10:58:22.099,3681485,112,1,111,11,1,2248.099
2026-05-25 10:58:22.704,3681485,112,1,111,11,1,2248.704
2026-05-25 10:58:29.798,3681485,23,1,22,11,1,2255.798
2026-05-25 10:58:37.454,3681485,12,1,11,11,1,2263.454
2026-05-25 10:58:37.774,3681485,12,1,11,11,1,2263.774
2026-05-25 10:58:38.843,3681485,13,2,11,11,1,2264.843
2026-05-25 10:58:39.074,3681485,12,1,11,11,1,2265.074
2026-05-25 10:58:40.580,3681485,12,1,11,11,1,2266.58
2026-05-25 10:58:41.803,3681485,13,2,11,11,1,2267.803
2026-05-25 10:58:42.008,3681485,13,2,11,11,1,2268.008
2026-05-25 10:58:46.218,3681485,12,2,10,10,1,2272.218
2026-05-25 10:58:46.297,3681485,11,1,10,10,1,2272.297
2026-05-25 10:58:46.497,3681485,11,1,10,10,1,2272.497
2026-05-25 10:58:47.091,3681485,11,1,10,10,1,2273.091
2026-05-25 10:58:47.865,3681485,12,2,10,10,1,2273.865
2026-05-25 10:58:47.870,3681485,12,2,10,10,1,2273.87
2026-05-25 10:58:47.946,3681485,12,2,10,10,1,2273.946
2026-05-25 10:58:47.997,3681485,12,2,10,10,1,2273.997
2026-05-25 10:58:48.081,3681485,11,1,10,10,1,2274.081
2026-05-25 10:58:48.210,3681485,12,2,10,10,1,2274.21
2026-05-25 10:58:48.474,3681485,11,1,10,10,1,2274.474
2026-05-25 10:58:48.723,3681485,11,1,10,10,1,2274.723
2026-05-25 10:58:50.026,3681485,11,1,10,10,1,2276.026
2026-05-25 10:58:54.560,3681485,11,1,10,10,1,2280.56
2026-05-25 10:58:54.934,3681485,12,2,10,10,1,2280.934
2026-05-25 10:58:55.258,3681485,11,1,10,10,1,2281.258
2026-05-25 10:58:55.300,3681485,11,1,10,10,1,2281.3
2026-05-25 10:58:55.515,3681485,11,1,10,10,1,2281.515
2026-05-25 10:59:07.695,3681485,12,1,11,11,1,2293.695
2026-05-25 10:59:15.421,3681485,12,1,11,11,1,2301.421
2026-05-25 10:59:20.779,3681485,12,1,11,11,1,2306.779
2026-05-25 10:59:21.012,3681485,12,1,11,11,1,2307.012
2026-05-25 10:59:22.298,3681485,12,1,11,11,1,2308.298
2026-05-25 10:59:25.820,3681485,12,1,11,11,1,2311.82
2026-05-25 10:59:31.664,3681485,195,1,194,11,1,2317.664
2026-05-25 10:59:31.914,3681485,136,2,134,11,1,2317.914
2026-05-25 10:59:32.163,3681485,107,1,106,11,1,2318.163
2026-05-25 10:59:40.480,3681485,15,1,14,11,1,2326.48
2026-05-25 10:59:44.646,3681485,12,1,11,11,1,2330.646
2026-05-25 10:59:44.804,3681485,13,2,11,11,1,2330.804
2026-05-25 10:59:44.962,3681485,12,1,11,11,1,2330.962
2026-05-25 10:59:47.893,3681485,12,1,11,11,1,2333.893
2026-05-25 10:59:48.983,3681485,12,1,11,11,1,2334.983
2026-05-25 10:59:49.727,3681485,13,2,11,11,1,2335.727
2026-05-25 10:59:49.747,3681485,14,3,11,11,1,2335.747
2026-05-25 10:59:49.902,3681485,13,2,11,11,1,2335.902
2026-05-25 10:59:49.940,3681485,12,1,11,11,1,2335.94
2026-05-25 10:59:52.002,3681485,12,1,11,11,1,2338.002
2026-05-25 10:59:53.768,3681485,12,1,11,11,1,2339.768
2026-05-25 11:00:04.184,3681485,12,1,11,11,1,2350.184
2026-05-25 11:00:04.187,3681485,12,1,11,11,1,2350.187
2026-05-25 11:00:05.685,3681485,12,1,11,11,1,2351.685
2026-05-25 11:00:07.501,3681485,12,1,11,11,1,2353.501
2026-05-25 11:00:10.020,3681485,12,1,11,11,1,2356.02
2026-05-25 11:00:27.428,3681485,12,1,11,11,1,2373.428
2026-05-25 11:00:28.935,3681485,11,1,10,10,1,2374.935
2026-05-25 11:00:31.741,3681485,11,1,10,10,1,2377.741
2026-05-25 11:00:36.069,3681485,11,1,10,10,1,2382.069
2026-05-25 11:00:36.423,3681485,12,2,10,10,1,2382.423
2026-05-25 11:00:36.649,3681485,11,1,10,10,1,2382.649
2026-05-25 11:00:39.234,3681485,11,1,10,10,1,2385.234
2026-05-25 11:00:43.653,3681485,11,1,10,10,1,2389.653
2026-05-25 11:00:44.590,3681485,86,1,85,10,1,2390.59
2026-05-25 11:00:46.287,3681485,44,1,43,10,1,2392.287
2026-05-25 11:00:49.337,3681485,19,1,18,10,1,2395.337
2026-05-25 11:00:51.291,3681485,17,1,16,10,1,2397.291
2026-05-25 11:00:51.476,3681485,17,1,16,10,1,2397.476
2026-05-25 11:00:51.482,3681485,17,1,16,10,1,2397.482
2026-05-25 11:00:54.079,3681485,17,1,16,10,1,2400.079
2026-05-25 11:00:55.588,3681485,17,1,16,10,1,2401.588
2026-05-25 11:00:55.812,3681485,18,2,16,10,1,2401.812
2026-05-25 11:00:56.031,3681485,17,1,16,10,1,2402.031
2026-05-25 11:00:56.262,3681485,17,1,16,10,1,2402.262
2026-05-25 11:00:57.514,3681485,7,0,7,7,0,2403.514
2026-05-25 11:01:01.373,3681485,6,0,6,6,0,2407.373
2026-05-25 11:01:01.601,3681485,7,1,6,6,0,2407.601
2026-05-25 11:01:01.828,3681485,6,0,6,6,0,2407.828
2026-05-25 11:01:03.309,3681485,6,0,6,6,0,2409.309
2026-05-25 11:01:03.621,3681485,7,1,6,6,0,2409.621
2026-05-25 11:01:04.400,3681485,6,0,6,6,0,2410.4
2026-05-25 11:01:11.981,3681485,6,0,6,6,0,2417.981
2026-05-25 11:01:20.859,3681485,7,1,6,6,0,2426.859
2026-05-25 11:01:21.168,3681485,7,1,6,6,0,2427.168
2026-05-25 11:01:21.183,3681485,6,0,6,6,0,2427.183
2026-05-25 11:01:21.323,3681485,6,0,6,6,0,2427.323
2026-05-25 11:01:26.036,3681485,9,0,9,9,0,2432.036
2026-05-25 11:01:26.633,3681485,10,1,9,9,0,2432.633
2026-05-25 11:01:28.110,3681485,9,0,9,9,0,2434.11
2026-05-25 11:01:39.746,3681485,10,0,10,10,0,2445.746
2026-05-25 11:01:39.972,3681485,11,1,10,10,0,2445.972
2026-05-25 11:01:40.004,3681485,11,1,10,10,0,2446.004
2026-05-25 11:01:40.200,3681485,10,0,10,10,0,2446.2
2026-05-25 11:01:44.216,3681485,10,0,10,10,0,2450.216
2026-05-25 11:01:46.155,3681485,10,0,10,10,0,2452.155
2026-05-25 11:01:47.794,3681485,11,1,10,10,0,2453.794
2026-05-25 11:01:48.252,3681485,11,1,10,10,1,2454.252
2026-05-25 11:01:48.487,3681485,11,1,10,10,1,2454.487
2026-05-25 11:01:56.785,3681485,225,1,224,10,1,2462.785
2026-05-25 11:01:57.092,3681485,155,1,154,10,1,2463.092
2026-05-25 11:01:57.441,3681485,154,2,152,10,1,2463.441
2026-05-25 11:01:59.254,3681485,82,1,81,10,1,2465.254
2026-05-25 11:02:04.604,3681485,23,1,22,10,1,2470.604
2026-05-25 11:02:10.483,3681485,10,0,10,10,0,2476.483
2026-05-25 11:02:14.854,3681485,9,0,9,9,0,2480.854
2026-05-25 11:02:23.277,3681485,9,0,9,9,0,2489.277
2026-05-25 11:02:23.528,3681485,10,1,9,9,0,2489.528
2026-05-25 11:02:24.362,3681485,9,0,9,9,0,2490.362
2026-05-25 11:02:36.503,3681485,10,0,10,10,0,2502.503
2026-05-25 11:02:36.826,3681485,10,0,10,10,0,2502.826
2026-05-25 11:02:42.449,3681485,10,0,10,10,0,2508.449
2026-05-25 11:02:42.687,3681485,10,0,10,10,0,2508.687
2026-05-25 11:02:43.203,3681485,10,0,10,10,0,2509.203
2026-05-25 11:02:44.162,3681485,10,0,10,10,0,2510.162
2026-05-25 11:02:49.926,3681485,10,0,10,10,0,2515.926
2026-05-25 11:02:57.431,3681485,11,0,11,11,0,2523.431
2026-05-25 11:02:57.481,3681485,11,0,11,11,0,2523.481
2026-05-25 11:02:57.490,3681485,11,0,11,11,0,2523.49
2026-05-25 11:02:57.500,3681485,11,0,11,11,0,2523.5
2026-05-25 11:03:00.293,3681485,11,0,11,11,0,2526.293
2026-05-25 11:03:12.814,3681485,48,0,48,12,0,2538.814
2026-05-25 11:03:14.551,3681485,48,0,48,12,0,2540.551
2026-05-25 11:03:31.111,3681485,12,0,12,12,0,2557.111
2026-05-25 11:03:46.487,3681485,12,0,12,12,0,2572.487
2026-05-25 11:03:46.679,3681485,12,0,12,12,0,2572.679
2026-05-25 11:03:46.734,3681485,13,1,12,12,0,2572.734
2026-05-25 11:03:46.971,3681485,12,0,12,12,0,2572.971
2026-05-25 11:03:54.442,3681485,12,0,12,12,0,2580.442
2026-05-25 11:03:54.690,3681485,13,1,12,12,0,2580.69
2026-05-25 11:03:54.703,3681485,13,1,12,12,0,2580.703
2026-05-25 11:03:54.942,3681485,12,0,12,12,0,2580.942
2026-05-25 11:03:59.461,3681485,12,0,12,12,0,2585.461
2026-05-25 11:04:03.267,3681485,12,0,12,12,0,2589.267
2026-05-25 11:04:25.697,3681486,38,0,38,12,0,2611.697
2026-05-25 11:04:26.140,3681486,39,1,38,12,0,2612.14
2026-05-25 11:04:26.371,3681486,38,0,38,12,0,2612.371
2026-05-25 11:04:39.466,3681486,12,0,12,12,0,2625.466
2026-05-25 11:04:43.722,3681486,12,0,12,12,0,2629.722
2026-05-25 11:04:45.897,3681486,12,0,12,12,0,2631.897
2026-05-25 11:04:45.985,3681486,12,0,12,12,0,2631.985
2026-05-25 11:04:48.989,3681486,12,0,12,12,0,2634.989
2026-05-25 11:04:51.239,3681486,13,1,12,12,0,2637.239
2026-05-25 11:04:51.279,3681486,13,1,12,12,0,2637.279
2026-05-25 11:04:51.543,3681486,12,0,12,12,0,2637.543
2026-05-25 11:04:54.265,3681486,12,0,12,12,0,2640.265
2026-05-25 11:04:57.580,3681486,12,0,12,12,0,2643.58
2026-05-25 11:04:59.863,3681486,12,0,12,12,0,2645.863
2026-05-25 11:05:11.954,3681487,12,0,12,0,0,2657.954
2026-05-25 11:05:13.871,3681487,12,0,12,0,0,2659.871
2026-05-25 11:05:14.098,3681487,12,0,12,0,0,2660.098
2026-05-25 11:05:14.111,3681487,13,1,12,0,0,2660.111
2026-05-25 11:05:14.339,3681487,12,0,12,0,0,2660.339
2026-05-25 11:05:23.424,3681487,12,0,12,12,0,2669.424
2026-05-25 11:05:23.638,3681487,12,0,12,12,0,2669.638
2026-05-25 11:05:23.872,3681487,12,0,12,12,0,2669.872
2026-05-25 11:05:26.058,3681487,12,0,12,12,0,2672.058
2026-05-25 11:05:34.504,3681487,116,0,116,11,0,2680.504
2026-05-25 11:05:35.676,3681487,88,0,88,11,0,2681.676
2026-05-25 11:05:40.693,3681487,37,0,37,11,0,2686.693
2026-05-25 11:05:45.678,3681487,37,0,37,11,0,2691.678
2026-05-25 11:05:48.830,3681487,12,0,12,12,0,2694.83
2026-05-25 11:05:49.042,3681487,13,1,12,12,0,2695.042
2026-05-25 11:05:49.051,3681487,13,1,12,12,0,2695.051
2026-05-25 11:05:49.251,3681487,12,0,12,12,0,2695.251
2026-05-25 11:05:54.397,3681487,12,0,12,12,0,2700.397
2026-05-25 11:06:15.228,3681487,12,0,12,12,0,2721.228
2026-05-25 11:06:17.257,3681487,12,0,12,12,0,2723.257
2026-05-25 11:06:17.258,3681487,12,0,12,12,0,2723.258
2026-05-25 11:06:23.874,3681487,12,0,12,12,0,2729.874
2026-05-25 11:06:33.097,3681487,12,0,12,12,0,2739.097
2026-05-25 11:06:48.772,3681487,76,0,76,12,0,2754.772
2026-05-25 11:06:56.118,3681487,34,0,34,12,0,2762.118
2026-05-25 11:07:05.704,3681487,12,0,12,12,0,2771.704
2026-05-25 11:07:05.953,3681487,12,0,12,12,0,2771.953
2026-05-25 11:07:19.026,3681487,12,1,11,11,0,2785.026
2026-05-25 11:07:19.339,3681487,12,1,11,11,0,2785.339
2026-05-25 11:07:19.355,3681487,11,0,11,11,0,2785.355
2026-05-25 11:07:19.499,3681487,11,0,11,11,0,2785.499
2026-05-25 11:07:22.643,3681487,12,0,12,12,0,2788.643
2026-05-25 11:07:30.450,3681487,12,0,12,12,0,2796.45
2026-05-25 11:07:53.742,3681487,12,0,12,12,0,2819.742
2026-05-25 11:07:57.093,3681487,154,0,154,12,0,2823.093
2026-05-25 11:07:57.635,3681487,112,0,112,12,0,2823.635
2026-05-25 11:07:58.103,3681487,89,0,89,12,0,2824.103
2026-05-25 11:07:58.314,3681487,82,0,82,12,0,2824.314
2026-05-25 11:07:58.332,3681487,83,1,82,12,0,2824.332
2026-05-25 11:07:58.557,3681487,80,0,80,12,0,2824.557
2026-05-25 11:08:00.783,3681487,45,0,45,12,0,2826.783
2026-05-25 11:08:05.395,3681487,23,0,23,12,0,2831.395
2026-05-25 11:08:05.860,3681487,23,0,23,12,0,2831.86
2026-05-25 11:08:05.871,3681487,24,1,23,12,0,2831.871
2026-05-25 11:08:08.932,3681487,23,0,23,12,0,2834.932
2026-05-25 11:08:22.197,3681487,12,0,12,12,0,2848.197
2026-05-25 11:08:31.134,3681487,12,0,12,12,0,2857.134
2026-05-25 11:08:39.775,3681487,12,0,12,12,0,2865.775
2026-05-25 11:08:40.783,3681487,12,0,12,12,0,2866.783
2026-05-25 11:08:48.592,3681487,12,0,12,12,0,2874.592
2026-05-25 11:08:54.920,3681488,11,0,11,0,0,2880.92
2026-05-25 11:09:01.903,3681489,12,0,12,0,0,2887.903
2026-05-25 11:09:02.633,3681489,12,0,12,0,0,2888.633
2026-05-25 11:09:02.995,3681489,12,0,12,0,0,2888.995
2026-05-25 11:09:02.996,3681489,12,0,12,0,0,2888.996
2026-05-25 11:09:05.115,3681489,12,0,12,0,0,2891.115
2026-05-25 11:09:06.533,3681489,12,0,12,0,0,2892.533
2026-05-25 11:09:06.777,3681489,12,0,12,0,0,2892.777
2026-05-25 11:09:12.354,3681489,57,0,57,0,0,2898.354
2026-05-25 11:09:14.959,3681489,40,0,40,0,0,2900.959
2026-05-25 11:09:28.379,3681489,12,0,12,0,0,2914.379
2026-05-25 11:09:28.785,3681489,12,0,12,0,0,2914.785
2026-05-25 11:09:38.658,3681489,12,0,12,0,0,2924.658
2026-05-25 11:09:40.352,3681489,12,0,12,12,0,2926.352
2026-05-25 11:09:40.630,3681489,12,0,12,12,0,2926.63
2026-05-25 11:09:41.069,3681489,13,1,12,12,0,2927.069
2026-05-25 11:09:41.300,3681489,12,0,12,12,0,2927.3
2026-05-25 11:09:43.895,3681489,12,0,12,12,0,2929.895
2026-05-25 11:10:03.342,3681489,12,0,12,12,0,2949.342
2026-05-25 11:10:13.607,3681489,12,0,12,12,0,2959.607
2026-05-25 11:10:16.400,3681489,12,0,12,12,0,2962.4
2026-05-25 11:10:24.928,3681489,50,0,50,12,0,2970.928
2026-05-25 11:10:28.238,3681489,26,0,26,12,0,2974.238
2026-05-25 11:10:29.167,3681489,26,0,26,12,0,2975.167
2026-05-25 11:10:33.540,3681489,15,0,15,12,0,2979.54
2026-05-25 11:10:33.546,3681489,15,0,15,12,0,2979.546
2026-05-25 11:10:36.515,3681489,11,0,11,11,0,2982.515
2026-05-25 11:10:36.719,3681489,12,1,11,11,0,2982.719
2026-05-25 11:10:36.769,3681489,12,1,11,11,0,2982.769
2026-05-25 11:10:36.927,3681489,11,0,11,11,0,2982.927
2026-05-25 11:10:37.296,3681489,12,1,11,11,0,2983.296
2026-05-25 11:10:37.637,3681489,12,1,11,11,0,2983.637
2026-05-25 11:10:37.658,3681489,11,0,11,11,0,2983.658
2026-05-25 11:10:37.813,3681489,11,0,11,11,0,2983.813
2026-05-25 11:10:38.902,3681489,12,1,11,11,0,2984.902
2026-05-25 11:10:39.321,3681489,12,1,11,11,0,2985.321
2026-05-25 11:10:39.321,3681489,12,1,11,11,0,2985.321
2026-05-25 11:10:39.531,3681489,12,1,11,11,1,2985.531
2026-05-25 11:10:39.574,3681489,12,1,11,11,1,2985.574
2026-05-25 11:10:40.294,3681489,12,1,11,11,1,2986.294
2026-05-25 11:10:40.600,3681489,13,2,11,11,1,2986.6
2026-05-25 11:10:40.871,3681489,12,1,11,11,1,2986.871
2026-05-25 11:10:41.230,3681489,12,1,11,11,1,2987.23
2026-05-25 11:10:41.464,3681489,12,1,11,11,1,2987.464
2026-05-25 11:10:42.865,3681489,12,1,11,11,1,2988.865
2026-05-25 11:10:43.058,3681489,13,2,11,11,1,2989.058
2026-05-25 11:10:43.247,3681489,12,1,11,11,1,2989.247
2026-05-25 11:11:09.599,3681489,12,1,11,11,1,3015.599
2026-05-25 11:11:09.772,3681489,12,1,11,11,1,3015.772
2026-05-25 11:11:09.879,3681489,13,2,11,11,1,3015.879
2026-05-25 11:11:10.111,3681489,12,1,11,11,1,3016.111
2026-05-25 11:11:17.790,3681489,12,1,11,11,1,3023.79
2026-05-25 11:11:24.832,3681489,12,1,11,11,1,3030.832
2026-05-25 11:11:26.064,3681489,12,1,11,11,1,3032.064
2026-05-25 11:11:26.150,3681489,12,1,11,11,1,3032.15
2026-05-25 11:11:26.365,3681489,12,1,11,11,1,3032.365
2026-05-25 11:11:29.144,3681489,12,1,11,11,1,3035.144
2026-05-25 11:11:33.294,3681489,134,1,133,11,1,3039.294
2026-05-25 11:11:38.951,3681490,45,1,44,0,0,3044.951
2026-05-25 11:12:17.712,3681490,12,1,11,11,1,3083.712
2026-05-25 11:12:20.815,3681490,12,1,11,11,1,3086.815
2026-05-25 11:12:33.008,3681491,12,1,11,0,0,3099.008
2026-05-25 11:12:34.980,3681491,12,1,11,0,0,3100.98
2026-05-25 11:12:45.030,3681491,157,1,156,0,1,3111.03
2026-05-25 11:12:45.414,3681491,76,0,76,0,0,3111.414
2026-05-25 11:12:45.415,3681491,148,2,146,0,2,3111.415
2026-05-25 11:12:45.416,3681491,63,0,63,0,0,3111.416
2026-05-25 11:12:46.463,3681491,81,1,80,0,1,3112.463
2026-05-25 11:12:48.328,3681491,61,1,60,0,1,3114.328
2026-05-25 11:12:48.719,3681491,61,1,60,0,1,3114.719
2026-05-25 11:12:56.783,3681491,28,1,27,10,1,3122.783
2026-05-25 11:12:57.246,3681491,29,2,27,10,1,3123.246
2026-05-25 11:13:02.698,3681491,13,2,11,11,1,3128.698
2026-05-25 11:13:07.769,3681491,13,2,11,11,1,3133.769
2026-05-25 11:13:09.173,3681491,12,1,11,11,1,3135.173
2026-05-25 11:13:16.605,3681492,12,1,11,0,0,3142.605
2026-05-25 11:13:17.039,3681492,13,2,11,0,0,3143.039
2026-05-25 11:13:17.252,3681492,12,1,11,0,0,3143.252
2026-05-25 11:13:40.582,3681493,12,1,11,0,0,3166.582
2026-05-25 11:13:40.774,3681493,12,1,11,0,0,3166.774
2026-05-25 11:13:45.510,3681493,12,1,11,0,1,3171.51
2026-05-25 11:13:50.423,3681493,12,1,11,0,1,3176.423
2026-05-25 11:13:58.303,3681493,73,1,72,10,1,3184.303
2026-05-25 11:13:58.348,3681493,70,1,69,10,1,3184.348
2026-05-25 11:13:58.854,3681493,62,1,61,9,1,3184.854
2026-05-25 11:14:00.294,3681493,41,1,40,10,1,3186.294
2026-05-25 11:14:23.035,3681493,12,1,11,11,1,3209.035
2026-05-25 11:14:23.323,3681493,13,2,11,11,1,3209.323
2026-05-25 11:14:23.331,3681493,13,2,11,11,1,3209.331
2026-05-25 11:14:23.616,3681493,12,1,11,11,1,3209.616
2026-05-25 11:14:26.993,3681493,12,1,11,11,1,3212.993
2026-05-25 11:14:49.900,3681493,12,1,11,11,1,3235.9
2026-05-25 11:14:50.082,3681493,12,1,11,11,1,3236.082
2026-05-25 11:14:50.729,3681493,12,1,11,11,1,3236.729
2026-05-25 11:14:59.256,3681493,12,1,11,11,1,3245.256
2026-05-25 11:14:59.484,3681493,12,1,11,11,1,3245.484
2026-05-25 11:15:00.676,3681493,12,1,11,11,1,3246.676
2026-05-25 11:15:00.821,3681493,13,2,11,11,1,3246.821
2026-05-25 11:15:00.889,3681493,14,3,11,11,1,3246.889
2026-05-25 11:15:00.892,3681493,14,3,11,11,1,3246.892
2026-05-25 11:15:01.036,3681493,13,2,11,11,1,3247.036
2026-05-25 11:15:01.118,3681493,12,1,11,11,1,3247.118
2026-05-25 11:15:03.021,3681493,12,1,11,11,1,3249.021
2026-05-25 11:15:14.177,3681493,34,1,33,11,1,3260.177
2026-05-25 11:15:15.939,3681494,25,2,23,0,0,3261.939
2026-05-25 11:15:16.205,3681494,24,1,23,0,0,3262.205
2026-05-25 11:15:26.028,3681494,12,1,11,0,0,3272.028
2026-05-25 11:15:41.025,3681495,11,1,10,0,0,3287.025
2026-05-25 11:15:44.071,3681495,12,1,11,1,1,3290.071
2026-05-25 11:15:53.714,3681495,12,1,11,1,1,3299.714
2026-05-25 11:15:56.482,3681495,12,1,11,1,1,3302.482
2026-05-25 11:16:03.974,3681495,12,1,11,11,1,3309.974
2026-05-25 11:16:05.641,3681495,12,1,11,11,1,3311.641
2026-05-25 11:16:05.871,3681495,12,1,11,11,1,3311.871
2026-05-25 11:16:07.944,3681495,12,1,11,11,1,3313.944
2026-05-25 11:16:09.445,3681495,13,2,11,11,1,3315.445
2026-05-25 11:16:09.693,3681495,12,1,11,11,1,3315.693
2026-05-25 11:16:17.751,3681495,12,1,11,11,1,3323.751
2026-05-25 11:16:17.962,3681495,12,1,11,11,1,3323.962
2026-05-25 11:16:18.969,3681496,13,2,11,0,0,3324.969
2026-05-25 11:16:19.177,3681496,12,1,11,0,0,3325.177
2026-05-25 11:16:21.498,3681496,126,1,125,0,0,3327.498
2026-05-25 11:16:24.944,3681496,68,1,67,0,0,3330.944
2026-05-25 11:16:26.502,3681496,68,1,67,0,0,3332.502
2026-05-25 11:16:29.429,3681496,29,1,28,0,0,3335.429
2026-05-25 11:16:38.906,3681496,12,1,11,0,0,3344.906
2026-05-25 11:16:59.886,3681496,12,1,11,0,1,3365.886
2026-05-25 11:17:18.111,3681496,12,1,11,11,1,3384.111
2026-05-25 11:17:18.688,3681496,13,2,11,11,1,3384.688
2026-05-25 11:17:18.707,3681496,13,2,11,11,1,3384.707
2026-05-25 11:17:18.878,3681496,12,1,11,11,1,3384.878
2026-05-25 11:17:46.718,3681496,51,1,50,10,1,3412.718
2026-05-25 11:17:46.727,3681496,48,1,47,10,1,3412.727
2026-05-25 11:17:50.080,3681496,12,1,11,11,1,3416.08
2026-05-25 11:17:50.662,3681496,12,1,11,11,1,3416.662
2026-05-25 11:17:50.663,3681496,12,1,11,11,1,3416.663
2026-05-25 11:17:52.464,3681496,12,1,11,11,1,3418.464
2026-05-25 11:17:52.839,3681496,13,2,11,11,1,3418.839
2026-05-25 11:17:52.852,3681496,13,2,11,11,1,3418.852
2026-05-25 11:17:53.214,3681496,12,1,11,11,1,3419.214
2026-05-25 11:17:53.837,3681497,12,1,11,0,0,3419.837
2026-05-25 11:18:01.365,3681497,12,1,11,0,0,3427.365
2026-05-25 11:18:05.635,3681497,12,1,11,0,0,3431.635
2026-05-25 11:18:06.669,3681497,12,1,11,0,0,3432.669
2026-05-25 11:18:11.015,3681497,12,1,11,0,0,3437.015
2026-05-25 11:18:11.058,3681497,12,1,11,0,0,3437.058
2026-05-25 11:18:32.562,3681498,12,1,11,0,0,3458.562
2026-05-25 11:18:32.878,3681498,12,1,11,0,0,3458.878
2026-05-25 11:18:41.776,3681498,12,1,11,0,0,3467.776
2026-05-25 11:18:43.055,3681499,13,2,11,0,0,3469.055
2026-05-25 11:18:44.582,3681499,12,1,11,0,0,3470.582
2026-05-25 11:18:44.601,3681499,12,1,11,0,0,3470.601
2026-05-25 11:18:48.081,3681499,12,1,11,0,0,3474.081
2026-05-25 11:19:00.915,3681499,12,1,11,0,1,3486.915
2026-05-25 11:19:02.172,3681499,12,1,11,0,1,3488.172
2026-05-25 11:19:04.414,3681499,12,2,10,0,1,3490.414
2026-05-25 11:19:04.576,3681499,11,1,10,0,1,3490.576
2026-05-25 11:19:04.802,3681499,12,2,10,0,1,3490.802
2026-05-25 11:19:05.260,3681499,12,2,10,0,1,3491.26
2026-05-25 11:19:05.270,3681499,11,1,10,0,1,3491.27
2026-05-25 11:19:05.490,3681499,11,1,10,0,1,3491.49
2026-05-25 11:19:06.455,3681499,12,1,11,1,1,3492.455
2026-05-25 11:19:06.456,3681499,12,1,11,1,1,3492.456
2026-05-25 11:19:10.421,3681499,12,1,11,1,1,3496.421
2026-05-25 11:19:11.524,3681499,13,2,11,1,1,3497.524
2026-05-25 11:19:11.758,3681499,12,1,11,1,1,3497.758
2026-05-25 11:19:18.174,3681499,12,1,11,11,1,3504.174
2026-05-25 11:19:18.883,3681499,12,1,11,11,1,3504.883
2026-05-25 11:19:19.316,3681499,12,1,11,11,1,3505.316
2026-05-25 11:19:21.180,3681499,12,1,11,11,1,3507.18
2026-05-25 11:19:24.632,3681499,12,1,11,11,1,3510.632
2026-05-25 11:19:24.860,3681499,13,2,11,11,1,3510.86
2026-05-25 11:19:25.088,3681499,12,1,11,11,1,3511.088
2026-05-25 11:19:26.345,3681499,12,1,11,11,1,3512.345
2026-05-25 11:19:37.768,3681499,12,1,11,11,1,3523.768
2026-05-25 11:19:37.853,3681499,12,1,11,11,1,3523.853
2026-05-25 11:19:38.116,3681499,12,1,11,11,1,3524.116
2026-05-25 11:19:38.175,3681499,12,1,11,11,1,3524.175
2026-05-25 11:19:38.335,3681499,12,1,11,11,1,3524.335
2026-05-25 11:19:38.747,3681499,12,1,11,11,1,3524.747
2026-05-25 11:19:39.165,3681499,13,2,11,11,1,3525.165
2026-05-25 11:19:39.475,3681499,12,1,11,11,1,3525.475
2026-05-25 11:19:46.691,3681499,12,1,11,11,1,3532.691
2026-05-25 11:20:11.511,3681499,34,1,33,11,1,3557.511
2026-05-25 11:20:17.202,3681499,12,1,11,11,1,3563.202
2026-05-25 11:20:35.695,3681500,12,1,11,0,0,3581.695
2026-05-25 11:20:38.669,3681500,12,1,11,0,0,3584.669
2026-05-25 11:20:39.618,3681500,12,1,11,0,0,3585.618
2026-05-25 11:20:41.929,3681500,13,2,11,0,0,3587.929
2026-05-25 11:20:42.222,3681500,12,1,11,0,0,3588.222
2026-05-25 11:20:45.912,3681500,12,2,10,0,0,3591.912
2026-05-25 11:20:46.071,3681500,11,1,10,0,0,3592.071
2026-05-25 11:20:46.350,3681500,12,2,10,0,0,3592.35
2026-05-25 11:20:46.825,3681500,12,2,10,0,0,3592.825
2026-05-25 11:20:46.924,3681500,11,1,10,0,0,3592.924
2026-05-25 11:20:47.764,3681500,11,1,10,0,0,3593.764
2026-05-25 11:20:48.050,3681500,11,1,10,0,0,3594.05
2026-05-25 11:20:54.286,3681500,11,1,10,0,1,3600.286
2026-05-25 11:20:54.630,3681500,11,1,10,0,1,3600.63
2026-05-25 11:20:58.153,3681500,12,2,10,0,1,3604.153
2026-05-25 11:21:02.579,3681500,12,2,10,0,1,3608.579
2026-05-25 11:21:03.093,3681500,13,3,10,0,1,3609.093
2026-05-25 11:21:03.155,3681500,12,2,10,0,1,3609.155
2026-05-25 11:21:03.365,3681500,11,1,10,0,1,3609.365
2026-05-25 11:21:12.305,3681500,12,1,11,1,1,3618.305
2026-05-25 11:21:16.329,3681500,109,1,108,1,1,3622.329
2026-05-25 11:21:17.407,3681500,89,1,88,1,1,3623.407
2026-05-25 11:21:27.465,3681500,22,1,21,10,1,3633.465
2026-05-25 11:21:33.439,3681501,8,1,7,7,0,3639.439
2026-05-25 11:21:33.721,3681501,8,1,7,7,0,3639.721
2026-05-25 11:21:33.733,3681501,9,2,7,7,0,3639.733
2026-05-25 11:21:33.974,3681501,8,1,7,7,0,3639.974
2026-05-25 11:21:34.381,3681501,8,1,7,7,0,3640.381
2026-05-25 11:21:35.334,3681501,8,1,7,7,0,3641.334
2026-05-25 11:21:42.377,3681501,8,1,7,7,0,3648.377
2026-05-25 11:21:42.578,3681501,8,1,7,7,0,3648.578
2026-05-25 11:21:42.836,3681501,8,1,7,7,0,3648.836
2026-05-25 11:21:48.295,3681501,10,1,9,9,0,3654.295
2026-05-25 11:22:02.243,3681501,12,1,11,11,1,3668.243
2026-05-25 11:22:05.626,3681501,12,1,11,11,1,3671.626
2026-05-25 11:22:05.845,3681501,13,2,11,11,1,3671.845
2026-05-25 11:22:05.849,3681501,13,2,11,11,1,3671.849
2026-05-25 11:22:06.066,3681501,12,1,11,11,1,3672.066
2026-05-25 11:22:15.924,3681501,12,1,11,11,1,3681.924
2026-05-25 11:22:18.047,3681501,12,1,11,11,1,3684.047
2026-05-25 11:22:18.048,3681501,12,1,11,11,1,3684.048
2026-05-25 11:22:18.048,3681501,12,1,11,11,1,3684.048
2026-05-25 11:22:21.190,3681501,12,1,11,11,1,3687.19
2026-05-25 11:22:25.839,3681501,11,0,11,11,0,3691.839
2026-05-25 11:22:26.031,3681501,11,0,11,11,0,3692.031
2026-05-25 11:22:29.909,3681501,76,0,76,11,0,3695.909
2026-05-25 11:22:31.417,3681501,69,0,69,11,0,3697.417
2026-05-25 11:22:35.600,3681501,30,0,30,11,0,3701.6
2026-05-25 11:22:37.171,3681501,30,0,30,11,0,3703.171
2026-05-25 11:22:38.641,3681501,31,1,30,11,0,3704.641
2026-05-25 11:22:38.900,3681501,30,0,30,11,0,3704.9
2026-05-25 11:22:42.607,3681501,10,0,10,10,0,3708.607
2026-05-25 11:22:42.962,3681501,10,0,10,10,0,3708.962
2026-05-25 11:22:45.528,3681501,10,0,10,10,0,3711.528
2026-05-25 11:22:55.009,3681501,10,0,10,10,0,3721.009
2026-05-25 11:22:55.724,3681501,10,0,10,10,0,3721.724
2026-05-25 11:23:03.074,3681501,10,0,10,10,0,3729.074
2026-05-25 11:23:09.972,3681501,10,0,10,10,0,3735.972
2026-05-25 11:23:16.276,3681502,12,0,12,2,0,3742.276
2026-05-25 11:23:23.193,3681502,12,0,12,2,0,3749.193
2026-05-25 11:23:23.402,3681502,12,0,12,2,0,3749.402
2026-05-25 11:23:32.139,3681502,12,0,12,2,0,3758.139
2026-05-25 11:23:33.645,3681502,12,0,12,2,0,3759.645
2026-05-25 11:23:34.482,3681502,13,1,12,12,0,3760.482
2026-05-25 11:23:34.762,3681502,12,0,12,12,0,3760.762
2026-05-25 11:23:40.333,3681502,172,0,172,12,0,3766.333
2026-05-25 11:23:45.754,3681502,64,0,64,12,0,3771.754
2026-05-25 11:23:50.462,3681502,35,0,35,12,0,3776.462
2026-05-25 11:23:50.518,3681502,35,0,35,12,0,3776.518
2026-05-25 11:23:51.086,3681502,36,1,35,12,0,3777.086
2026-05-25 11:23:52.021,3681502,35,0,35,12,0,3778.021
2026-05-25 11:24:08.697,3681502,12,1,11,11,0,3794.697
2026-05-25 11:24:08.854,3681502,11,0,11,11,0,3794.854
2026-05-25 11:24:10.540,3681502,12,0,12,12,0,3796.54
2026-05-25 11:24:10.808,3681502,12,0,12,12,0,3796.808
2026-05-25 11:24:11.498,3681502,12,0,12,12,0,3797.498
2026-05-25 11:24:18.285,3681502,12,0,12,12,0,3804.285
2026-05-25 11:24:18.736,3681502,13,1,12,12,0,3804.736
2026-05-25 11:24:18.966,3681502,12,0,12,12,0,3804.966
2026-05-25 11:24:20.809,3681502,12,0,12,12,0,3806.809
2026-05-25 11:24:21.426,3681502,12,0,12,12,0,3807.426
2026-05-25 11:24:21.679,3681502,12,0,12,12,0,3807.679
2026-05-25 11:24:40.507,3681502,12,0,12,12,0,3826.507
2026-05-25 11:24:40.722,3681502,12,0,12,12,0,3826.722
2026-05-25 11:24:41.316,3681502,12,0,12,12,0,3827.316
2026-05-25 11:24:49.734,3681502,12,0,12,12,0,3835.734
2026-05-25 11:24:50.165,3681502,13,1,12,12,0,3836.165
2026-05-25 11:24:50.380,3681502,12,0,12,12,0,3836.38
2026-05-25 11:25:03.175,3681502,40,0,40,12,0,3849.175
2026-05-25 11:25:03.178,3681502,40,0,40,12,0,3849.178
2026-05-25 11:25:03.637,3681502,40,0,40,12,0,3849.637
2026-05-25 11:25:09.414,3681502,12,0,12,12,0,3855.414
2026-05-25 11:25:11.596,3681503,12,0,12,0,0,3857.596
2026-05-25 11:25:21.597,3681503,12,0,12,0,0,3867.597
2026-05-25 11:25:29.879,3681503,12,0,12,0,0,3875.879
2026-05-25 11:25:34.267,3681503,12,0,12,0,0,3880.267
2026-05-25 11:25:34.267,3681503,12,0,12,0,0,3880.267
2026-05-25 11:25:42.077,3681503,12,0,12,0,0,3888.077
2026-05-25 11:25:42.647,3681503,12,0,12,0,0,3888.647
2026-05-25 11:25:43.187,3681503,13,1,12,0,0,3889.187
2026-05-25 11:25:43.477,3681503,12,0,12,0,0,3889.477
2026-05-25 11:25:46.616,3681503,12,0,12,12,0,3892.616
2026-05-25 11:25:46.681,3681503,12,0,12,12,0,3892.681
2026-05-25 11:25:47.145,3681503,13,1,12,12,0,3893.145
2026-05-25 11:25:47.382,3681503,12,0,12,12,0,3893.382
2026-05-25 11:25:51.477,3681503,11,0,11,11,0,3897.477
2026-05-25 11:25:54.487,3681503,12,1,11,11,0,3900.487
2026-05-25 11:25:54.807,3681503,12,1,11,11,0,3900.807
2026-05-25 11:25:54.827,3681503,11,0,11,11,0,3900.827
2026-05-25 11:25:54.969,3681503,11,0,11,11,0,3900.969
2026-05-25 11:25:54.989,3681503,11,0,11,11,0,3900.989
2026-05-25 11:25:54.990,3681503,11,0,11,11,0,3900.99
2026-05-25 11:25:58.147,3681503,11,0,11,11,0,3904.147
2026-05-25 11:25:59.828,3681503,12,1,11,11,0,3905.828
2026-05-25 11:26:00.038,3681503,11,0,11,11,0,3906.038
2026-05-25 11:26:02.245,3681503,11,0,11,11,0,3908.245
2026-05-25 11:26:19.073,3681503,9,0,9,9,0,3925.073
2026-05-25 11:26:25.100,3681503,9,0,9,9,0,3931.1
2026-05-25 11:26:31.147,3681504,12,0,12,0,0,3937.147
2026-05-25 11:26:37.113,3681504,12,0,12,0,0,3943.113
2026-05-25 11:26:39.889,3681504,12,0,12,0,0,3945.889
2026-05-25 11:26:42.012,3681504,12,0,12,0,0,3948.012
2026-05-25 11:26:48.631,3681504,12,0,12,12,0,3954.631
2026-05-25 11:26:58.678,3681504,12,0,12,12,0,3964.678
2026-05-25 11:27:12.044,3681504,12,0,12,12,0,3978.044
2026-05-25 11:27:12.262,3681504,12,0,12,12,0,3978.262
2026-05-25 11:27:30.226,3681504,11,0,11,11,0,3996.226
2026-05-25 11:27:36.081,3681504,12,0,12,12,0,4002.081
2026-05-25 11:27:36.773,3681504,12,0,12,12,0,4002.773
2026-05-25 11:27:42.340,3681504,12,0,12,12,0,4008.34
2026-05-25 11:27:45.174,3681504,12,0,12,12,0,4011.174
2026-05-25 11:27:59.571,3681504,12,0,12,12,0,4025.571
2026-05-25 11:27:59.729,3681504,13,1,12,12,0,4025.729
2026-05-25 11:27:59.887,3681504,12,0,12,12,0,4025.887
2026-05-25 11:28:01.003,3681504,12,0,12,12,0,4027.003
2026-05-25 11:28:01.190,3681504,12,0,12,12,0,4027.19
2026-05-25 11:28:05.038,3681504,12,0,12,12,0,4031.038
2026-05-25 11:28:11.252,3681504,12,0,12,12,0,4037.252
2026-05-25 11:28:22.467,3681504,12,0,12,12,0,4048.467
2026-05-25 11:28:24.255,3681504,12,0,12,12,0,4050.255
2026-05-25 11:28:24.807,3681504,13,1,12,12,0,4050.807
2026-05-25 11:28:25.352,3681504,12,0,12,12,0,4051.352
2026-05-25 11:28:29.720,3681504,77,0,77,12,0,4055.72
2026-05-25 11:28:42.845,3681504,12,0,12,12,0,4068.845
2026-05-25 11:28:43.778,3681504,12,0,12,12,0,4069.778
2026-05-25 11:28:44.783,3681504,12,0,12,12,0,4070.783
2026-05-25 11:28:46.210,3681504,12,0,12,12,0,4072.21
2026-05-25 11:28:46.211,3681504,12,0,12,12,0,4072.211
2026-05-25 11:28:46.217,3681504,12,0,12,12,0,4072.217
2026-05-25 11:28:58.503,3681504,12,0,12,12,0,4084.503
2026-05-25 11:29:07.866,3681504,12,0,12,12,0,4093.866
2026-05-25 11:29:11.726,3681504,12,1,11,11,0,4097.726
2026-05-25 11:29:12.183,3681504,12,1,11,11,0,4098.183
2026-05-25 11:29:12.205,3681504,11,0,11,11,0,4098.205
2026-05-25 11:29:12.414,3681504,11,0,11,11,0,4098.414
2026-05-25 11:29:33.670,3681505,12,0,12,0,0,4119.67
2026-05-25 11:29:35.602,3681505,12,0,12,0,0,4121.602
2026-05-25 11:29:43.627,3681505,75,0,75,0,0,4129.627
2026-05-25 11:29:49.352,3681505,50,0,50,0,0,4135.352
2026-05-25 11:29:51.379,3681505,50,0,50,0,0,4137.379
2026-05-25 11:29:51.660,3681505,50,0,50,0,0,4137.66
2026-05-25 11:29:53.654,3681505,12,0,12,0,0,4139.654
2026-05-25 11:30:03.123,3681506,12,0,12,0,0,4149.123
2026-05-25 11:30:03.201,3681506,13,1,12,0,0,4149.201
2026-05-25 11:30:03.280,3681506,12,0,12,0,0,4149.28
2026-05-25 11:30:04.614,3681506,12,0,12,0,0,4150.614
2026-05-25 11:30:11.409,3681506,12,0,12,0,0,4157.409
2026-05-25 11:30:11.686,3681506,13,1,12,0,0,4157.686
2026-05-25 11:30:11.702,3681506,13,1,12,0,0,4157.702
2026-05-25 11:30:11.962,3681506,12,0,12,0,0,4157.962
2026-05-25 11:30:28.665,3681506,12,0,12,0,0,4174.665
2026-05-25 11:30:29.004,3681506,12,0,12,0,0,4175.004
2026-05-25 11:30:29.193,3681506,12,0,12,0,0,4175.193
2026-05-25 11:30:29.468,3681506,12,0,12,0,0,4175.468
2026-05-25 11:30:31.944,3681506,12,0,12,0,0,4177.944
2026-05-25 11:30:43.411,3681506,12,0,12,0,0,4189.411
2026-05-25 11:30:48.110,3681506,12,0,12,0,0,4194.11
2026-05-25 11:30:48.277,3681506,13,1,12,0,0,4194.277
2026-05-25 11:30:48.300,3681506,13,1,12,0,0,4194.3
2026-05-25 11:30:48.448,3681506,12,0,12,0,0,4194.448
2026-05-25 11:30:52.966,3681506,80,0,80,0,0,4198.966
2026-05-25 11:31:09.909,3681506,12,0,12,12,0,4215.909
2026-05-25 11:31:09.975,3681506,12,0,12,12,0,4215.975
2026-05-25 11:31:10.206,3681506,13,1,12,12,0,4216.206
2026-05-25 11:31:10.434,3681506,14,2,12,12,0,4216.434
2026-05-25 11:31:10.436,3681506,13,1,12,12,0,4216.436
2026-05-25 11:31:10.928,3681506,12,0,12,12,0,4216.928
2026-05-25 11:31:13.992,3681506,12,0,12,12,0,4219.992
2026-05-25 11:31:14.722,3681506,12,0,12,12,0,4220.722
2026-05-25 11:31:15.762,3681506,12,0,12,12,0,4221.762
2026-05-25 11:31:22.587,3681506,12,0,12,12,0,4228.587
2026-05-25 11:31:40.659,3681507,12,0,12,0,0,4246.659
2026-05-25 11:31:42.809,3681507,12,0,12,0,0,4248.809
2026-05-25 11:31:43.000,3681507,12,0,12,0,0,4249.0
2026-05-25 11:31:43.068,3681507,13,1,12,0,0,4249.068
2026-05-25 11:31:43.096,3681507,13,1,12,0,0,4249.096
2026-05-25 11:31:43.340,3681507,12,0,12,0,0,4249.34
2026-05-25 11:31:43.507,3681507,12,0,12,0,0,4249.507
2026-05-25 11:31:49.685,3681507,12,0,12,0,0,4255.685
2026-05-25 11:31:50.305,3681507,12,0,12,0,0,4256.305
2026-05-25 11:31:51.363,3681507,12,0,12,0,0,4257.363
2026-05-25 11:31:51.540,3681507,12,0,12,0,0,4257.54
2026-05-25 11:31:57.265,3681507,12,0,12,0,0,4263.265
2026-05-25 11:31:57.266,3681507,12,0,12,0,0,4263.266
2026-05-25 11:32:05.989,3681507,81,0,81,12,0,4271.989
2026-05-25 11:32:06.241,3681507,82,1,81,12,0,4272.241
2026-05-25 11:32:06.493,3681507,60,0,60,12,0,4272.493
2026-05-25 11:32:08.041,3681507,53,0,53,12,0,4274.041
2026-05-25 11:32:12.554,3681507,37,0,37,12,0,4278.554
2026-05-25 11:32:23.350,3681507,12,0,12,12,0,4289.35
2026-05-25 11:32:32.780,3681507,12,0,12,12,0,4298.78
2026-05-25 11:32:34.772,3681507,11,0,11,11,0,4300.772
2026-05-25 11:32:34.922,3681507,12,1,11,11,0,4300.922
2026-05-25 11:32:35.229,3681507,12,1,11,11,0,4301.229
2026-05-25 11:32:35.242,3681507,11,0,11,11,0,4301.242
2026-05-25 11:32:35.387,3681507,11,0,11,11,0,4301.387
2026-05-25 11:32:35.800,3681507,11,0,11,11,0,4301.8
2026-05-25 11:32:36.409,3681507,13,1,12,12,0,4302.409
2026-05-25 11:32:36.763,3681507,12,0,12,12,0,4302.763
2026-05-25 11:32:44.194,3681507,12,0,12,12,0,4310.194
2026-05-25 11:32:44.419,3681507,13,1,12,12,0,4310.419
2026-05-25 11:32:44.647,3681507,12,0,12,12,0,4310.647
2026-05-25 11:32:47.316,3681507,12,0,12,12,0,4313.316
2026-05-25 11:32:50.533,3681507,12,0,12,12,0,4316.533
2026-05-25 11:33:02.443,3681507,13,1,12,12,0,4328.443
2026-05-25 11:33:02.773,3681507,13,1,12,12,0,4328.773
2026-05-25 11:33:02.789,3681507,12,0,12,12,0,4328.789
2026-05-25 11:33:02.943,3681507,12,0,12,12,0,4328.943
2026-05-25 11:33:07.154,3681507,12,0,12,12,0,4333.154
2026-05-25 11:33:07.292,3681507,12,0,12,12,0,4333.292
2026-05-25 11:33:07.754,3681507,13,1,12,12,0,4333.754
2026-05-25 11:33:11.401,3681507,13,1,12,12,0,4337.401
2026-05-25 11:33:13.466,3681507,13,1,12,12,0,4339.466
2026-05-25 11:33:21.151,3681507,42,1,41,12,0,4347.151
2026-05-25 11:33:21.682,3681507,42,2,40,12,0,4347.682
2026-05-25 11:33:22.219,3681507,35,1,34,12,0,4348.219
2026-05-25 11:33:22.603,3681507,30,1,29,12,0,4348.603
2026-05-25 11:33:24.880,3681507,30,1,29,12,0,4350.88
2026-05-25 11:33:29.009,3681507,13,1,12,12,0,4355.009
2026-05-25 11:33:29.486,3681507,14,2,12,12,0,4355.486
2026-05-25 11:33:29.491,3681507,14,2,12,12,0,4355.491
2026-05-25 11:33:29.966,3681507,13,1,12,12,0,4355.966
2026-05-25 11:33:34.714,3681507,12,0,12,12,0,4360.714
2026-05-25 11:33:47.021,3681507,12,0,12,12,0,4373.021
2026-05-25 11:33:49.956,3681507,12,0,12,12,0,4375.956
2026-05-25 11:33:53.084,3681508,12,0,12,0,0,4379.084
2026-05-25 11:33:56.308,3681508,12,0,12,0,0,4382.308
2026-05-25 11:33:56.427,3681508,12,0,12,0,0,4382.427
2026-05-25 11:33:56.655,3681508,12,0,12,0,0,4382.655
2026-05-25 11:33:59.427,3681508,12,0,12,0,0,4385.427
2026-05-25 11:34:02.206,3681508,12,0,12,0,0,4388.206
2026-05-25 11:34:02.472,3681508,13,1,12,0,0,4388.472
2026-05-25 11:34:02.682,3681508,13,1,12,0,0,4388.682
2026-05-25 11:34:02.735,3681508,12,0,12,0,0,4388.735
2026-05-25 11:34:04.039,3681508,12,0,12,0,0,4390.039
2026-05-25 11:34:04.547,3681508,12,0,12,12,0,4390.547
2026-05-25 11:34:04.764,3681508,12,0,12,12,0,4390.764
2026-05-25 11:34:04.823,3681508,12,0,12,12,0,4390.823
2026-05-25 11:34:08.544,3681508,12,0,12,12,0,4394.544
2026-05-25 11:34:09.887,3681508,12,0,12,12,0,4395.887
2026-05-25 11:34:13.591,3681508,12,0,12,12,0,4399.591
2026-05-25 11:34:13.755,3681508,12,0,12,12,0,4399.755
2026-05-25 11:34:14.177,3681508,13,1,12,12,0,4400.177
2026-05-25 11:34:14.387,3681508,12,0,12,12,0,4400.387
2026-05-25 11:34:30.683,3681508,68,0,68,12,0,4416.683
2026-05-25 11:34:34.120,3681508,46,1,45,12,0,4420.12
2026-05-25 11:34:34.383,3681508,45,0,45,12,0,4420.383
2026-05-25 11:34:42.434,3681508,12,0,12,12,0,4428.434
2026-05-25 11:34:42.759,3681508,12,0,12,12,0,4428.759
2026-05-25 11:34:58.910,3681508,12,0,12,12,0,4444.91
2026-05-25 11:35:03.791,3681508,12,0,12,12,0,4449.791
2026-05-25 11:35:03.791,3681508,12,0,12,12,0,4449.791
2026-05-25 11:35:10.419,3681508,12,0,12,12,0,4456.419
2026-05-25 11:35:10.895,3681508,12,0,12,12,0,4456.895
2026-05-25 11:35:11.099,3681508,13,1,12,12,0,4457.099
2026-05-25 11:35:11.306,3681508,12,0,12,12,0,4457.306
2026-05-25 11:35:12.873,3681508,12,0,12,12,0,4458.873
2026-05-25 11:35:17.784,3681508,12,0,12,12,0,4463.784
2026-05-25 11:35:18.223,3681508,13,1,12,12,0,4464.223
2026-05-25 11:35:18.448,3681508,12,0,12,12,0,4464.448
2026-05-25 11:35:31.658,3681508,12,0,12,12,0,4477.658
2026-05-25 11:35:37.595,3681508,12,0,12,12,0,4483.595
2026-05-25 11:35:43.213,3681508,44,0,44,12,0,4489.213
2026-05-25 11:35:45.090,3681508,44,0,44,12,0,4491.09
2026-05-25 11:35:48.300,3681508,21,0,21,12,0,4494.3
2026-05-25 11:35:48.563,3681508,21,0,21,12,0,4494.563
2026-05-25 11:35:53.338,3681508,12,0,12,12,0,4499.338
2026-05-25 11:35:53.339,3681508,12,0,12,12,0,4499.339
2026-05-25 11:36:03.515,3681508,12,0,12,12,0,4509.515
2026-05-25 11:36:08.471,3681508,12,0,12,12,0,4514.471
2026-05-25 11:36:12.262,3681508,12,0,12,12,0,4518.262
2026-05-25 11:36:34.682,3681508,12,0,12,12,0,4540.682
2026-05-25 11:36:34.909,3681508,13,1,12,12,0,4540.909
2026-05-25 11:36:34.911,3681508,13,1,12,12,0,4540.911
2026-05-25 11:36:35.134,3681508,12,0,12,12,0,4541.134
2026-05-25 11:36:38.800,3681508,12,0,12,12,0,4544.8
2026-05-25 11:36:43.340,3681508,12,0,12,12,0,4549.34
2026-05-25 11:36:55.320,3681508,93,0,93,12,0,4561.32
2026-05-25 11:36:57.932,3681508,43,0,43,12,0,4563.932
2026-05-25 11:36:59.186,3681508,43,0,43,12,0,4565.186
2026-05-25 11:36:59.337,3681508,44,1,43,12,0,4565.337
2026-05-25 11:36:59.492,3681508,43,0,43,12,0,4565.492
2026-05-25 11:37:06.013,3681508,12,0,12,12,0,4572.013
2026-05-25 11:37:06.236,3681508,13,1,12,12,0,4572.236
2026-05-25 11:37:06.464,3681508,12,0,12,12,0,4572.464
2026-05-25 11:37:09.149,3681508,12,0,12,12,0,4575.149
2026-05-25 11:37:09.149,3681508,12,0,12,12,0,4575.149
2026-05-25 11:37:24.910,3681508,12,0,12,12,0,4590.91
2026-05-25 11:37:25.123,3681508,13,1,12,12,0,4591.123
2026-05-25 11:37:25.338,3681508,12,0,12,12,0,4591.338
2026-05-25 11:37:40.249,3681508,12,0,12,12,0,4606.249
2026-05-25 11:37:43.695,3681508,12,0,12,12,0,4609.695
2026-05-25 11:37:43.910,3681508,12,0,12,12,0,4609.91
2026-05-25 11:37:53.220,3681508,12,0,12,12,0,4619.22
2026-05-25 11:37:55.687,3681508,12,0,12,12,0,4621.687
2026-05-25 11:37:57.921,3681508,12,0,12,12,0,4623.921
2026-05-25 11:37:57.993,3681508,12,0,12,12,0,4623.993
2026-05-25 11:38:09.839,3681508,40,0,40,12,0,4635.839
2026-05-25 11:38:10.135,3681508,37,0,37,12,0,4636.135
2026-05-25 11:38:13.555,3681508,37,0,37,12,0,4639.555
2026-05-25 11:38:14.280,3681508,37,0,37,12,0,4640.28
2026-05-25 11:38:14.280,3681508,37,0,37,12,0,4640.28
2026-05-25 11:38:17.476,3681508,12,0,12,12,0,4643.476
2026-05-25 11:38:17.720,3681508,13,1,12,12,0,4643.72
2026-05-25 11:38:17.741,3681508,13,1,12,12,0,4643.741
2026-05-25 11:38:17.967,3681508,12,0,12,12,0,4643.967
2026-05-25 11:38:24.207,3681508,12,0,12,12,0,4650.207
2026-05-25 11:38:27.183,3681508,12,0,12,12,0,4653.183
2026-05-25 11:38:35.557,3681508,12,0,12,12,0,4661.557
2026-05-25 11:38:38.160,3681508,12,0,12,12,0,4664.16
2026-05-25 11:38:38.372,3681508,13,1,12,12,0,4664.372
2026-05-25 11:38:38.374,3681508,13,1,12,12,0,4664.374
2026-05-25 11:38:38.583,3681508,12,0,12,12,0,4664.583
2026-05-25 11:38:40.721,3681508,12,0,12,12,0,4666.721
2026-05-25 11:38:45.785,3681508,12,0,12,12,0,4671.785
2026-05-25 11:38:46.647,3681508,12,0,12,12,0,4672.647
2026-05-25 11:38:46.791,3681508,12,0,12,12,0,4672.791
2026-05-25 11:39:07.625,3681508,12,0,12,12,0,4693.625
2026-05-25 11:39:10.544,3681508,12,0,12,12,0,4696.544
2026-05-25 11:39:15.571,3681508,12,0,12,12,0,4701.571
2026-05-25 11:39:38.139,3681508,12,0,12,12,0,4724.139
2026-05-25 11:39:57.018,3681508,12,0,12,12,0,4743.018
2026-05-25 11:40:08.300,3681508,12,0,12,12,0,4754.3
2026-05-25 11:40:08.475,3681508,13,1,12,12,0,4754.475
2026-05-25 11:40:08.652,3681508,12,0,12,12,0,4754.652
2026-05-25 11:40:14.793,3681508,12,0,12,12,0,4760.793
2026-05-25 11:40:14.854,3681508,12,0,12,12,0,4760.854
2026-05-25 11:40:24.830,3681508,12,0,12,12,0,4770.83
2026-05-25 11:40:43.126,3681508,17,0,17,12,0,4789.126
2026-05-25 11:40:43.284,3681508,18,1,17,12,0,4789.284
2026-05-25 11:40:43.439,3681508,17,0,17,12,0,4789.439
2026-05-25 11:40:43.724,3681508,17,0,17,12,0,4789.724
2026-05-25 11:40:56.075,3681509,12,0,12,0,0,4802.075
2026-05-25 11:41:00.841,3681509,12,1,11,0,0,4806.841
2026-05-25 11:41:00.997,3681509,11,0,11,0,0,4806.997
2026-05-25 11:41:02.227,3681509,12,1,11,0,0,4808.227
2026-05-25 11:41:02.482,3681509,12,1,11,0,0,4808.482
2026-05-25 11:41:02.693,3681509,11,0,11,0,0,4808.693
2026-05-25 11:41:02.693,3681509,11,0,11,0,0,4808.693
2026-05-25 11:41:02.931,3681509,11,0,11,0,0,4808.931
2026-05-25 11:41:06.480,3681509,12,0,12,1,0,4812.48
2026-05-25 11:41:06.792,3681509,12,0,12,1,0,4812.792
2026-05-25 11:41:15.745,3681509,12,0,12,1,0,4821.745
2026-05-25 11:41:15.933,3681509,13,1,12,1,0,4821.933
2026-05-25 11:41:16.118,3681509,12,0,12,1,0,4822.118
2026-05-25 11:41:17.988,3681509,12,0,12,1,0,4823.988
2026-05-25 11:41:18.006,3681509,12,0,12,1,0,4824.006
2026-05-25 11:41:29.942,3681509,12,0,12,1,0,4835.942
2026-05-25 11:41:32.740,3681510,12,0,12,0,0,4838.74
2026-05-25 11:41:35.907,3681510,12,0,12,0,0,4841.907
2026-05-25 11:41:36.075,3681510,13,1,12,0,0,4842.075
2026-05-25 11:41:36.086,3681510,13,1,12,0,0,4842.086
2026-05-25 11:41:36.253,3681510,12,0,12,0,0,4842.253
2026-05-25 11:41:40.526,3681511,12,0,12,0,0,4846.526
2026-05-25 11:41:40.894,3681511,13,1,12,0,0,4846.894
2026-05-25 11:41:41.108,3681511,12,0,12,0,0,4847.108
2026-05-25 11:41:42.909,3681511,12,0,12,0,0,4848.909
2026-05-25 11:41:43.192,3681511,12,0,12,0,0,4849.192
2026-05-25 11:41:48.388,3681511,54,0,54,0,0,4854.388
2026-05-25 11:41:48.677,3681511,53,0,53,0,0,4854.677
2026-05-25 11:42:01.088,3681511,12,0,12,0,0,4867.088
2026-05-25 11:42:15.718,3681512,12,0,12,0,0,4881.718
2026-05-25 11:42:18.369,3681512,12,0,12,0,0,4884.369
2026-05-25 11:42:18.663,3681512,13,1,12,0,0,4884.663
2026-05-25 11:42:18.958,3681512,12,0,12,0,0,4884.958
2026-05-25 11:42:21.425,3681512,12,0,12,0,0,4887.425
2026-05-25 11:42:23.636,3681512,12,0,12,0,0,4889.636
2026-05-25 11:42:33.260,3681512,12,0,12,0,0,4899.26
2026-05-25 11:43:15.808,3681512,12,0,12,12,0,4941.808
2026-05-25 11:43:18.250,3681512,12,0,12,12,0,4944.25
2026-05-25 11:43:25.019,3681512,12,0,12,12,0,4951.019
2026-05-25 11:43:25.271,3681512,12,0,12,12,0,4951.271
2026-05-25 11:43:25.288,3681512,13,1,12,12,0,4951.288
2026-05-25 11:43:25.549,3681512,12,0,12,12,0,4951.549
2026-05-25 11:43:25.600,3681512,12,0,12,12,0,4951.6
2026-05-25 11:43:29.331,3681512,12,0,12,12,0,4955.331
2026-05-25 11:43:30.387,3681512,12,0,12,12,0,4956.387
2026-05-25 11:43:34.087,3681512,13,1,12,12,0,4960.087
2026-05-25 11:43:34.088,3681512,13,1,12,12,0,4960.088
2026-05-25 11:43:34.298,3681512,12,0,12,12,0,4960.298
2026-05-25 11:43:40.271,3681512,12,0,12,12,0,4966.271
2026-05-25 11:43:49.363,3681512,12,0,12,12,0,4975.363
2026-05-25 11:43:54.506,3681512,12,0,12,12,0,4980.506
2026-05-25 11:44:00.631,3681512,12,0,12,12,0,4986.631
2026-05-25 11:44:01.066,3681512,13,1,12,12,0,4987.066
2026-05-25 11:44:01.277,3681512,12,0,12,12,0,4987.277
2026-05-25 11:44:03.948,3681512,12,0,12,12,0,4989.948
2026-05-25 11:44:11.715,3681512,91,0,91,12,0,4997.715
2026-05-25 11:44:12.307,3681512,59,1,58,12,0,4998.307
2026-05-25 11:44:14.440,3681512,57,0,57,12,0,5000.44
2026-05-25 11:44:16.125,3681512,20,0,20,12,0,5002.125
2026-05-25 11:44:16.322,3681512,20,0,20,12,0,5002.322
2026-05-25 11:44:16.365,3681512,20,0,20,12,0,5002.365
2026-05-25 11:44:19.914,3681512,20,0,20,12,0,5005.914
2026-05-25 11:44:24.153,3681512,12,1,11,11,0,5010.153
2026-05-25 11:44:24.484,3681512,12,1,11,11,0,5010.484
2026-05-25 11:44:24.617,3681512,12,1,11,11,0,5010.617
2026-05-25 11:44:24.724,3681512,11,0,11,11,0,5010.724
2026-05-25 11:44:24.848,3681512,11,0,11,11,0,5010.848
2026-05-25 11:44:26.917,3681512,12,0,12,12,0,5012.917
2026-05-25 11:44:33.759,3681513,12,0,12,0,0,5019.759
2026-05-25 11:44:42.124,3681514,12,0,12,0,0,5028.124
2026-05-25 11:44:42.385,3681514,12,0,12,0,0,5028.385
2026-05-25 11:44:45.558,3681514,12,0,12,0,0,5031.558
2026-05-25 11:44:45.559,3681514,12,0,12,0,0,5031.559
2026-05-25 11:44:52.357,3681514,12,0,12,0,0,5038.357
2026-05-25 11:44:57.259,3681514,12,0,12,12,0,5043.259
2026-05-25 11:44:57.689,3681514,12,0,12,12,0,5043.689
2026-05-25 11:44:57.690,3681514,12,0,12,12,0,5043.69
2026-05-25 11:45:00.830,3681514,12,0,12,12,0,5046.83
2026-05-25 11:45:01.285,3681514,13,1,12,12,0,5047.285
2026-05-25 11:45:01.510,3681514,12,0,12,12,0,5047.51
2026-05-25 11:45:06.464,3681514,12,0,12,12,0,5052.464
2026-05-25 11:45:10.195,3681514,12,0,12,12,0,5056.195
2026-05-25 11:45:10.438,3681514,12,0,12,12,0,5056.438
2026-05-25 11:45:13.409,3681515,12,0,12,0,0,5059.409
2026-05-25 11:45:20.654,3681515,181,0,181,0,0,5066.654
2026-05-25 11:45:31.838,3681515,17,0,17,0,0,5077.838
2026-05-25 11:45:41.120,3681515,12,0,12,0,0,5087.12
2026-05-25 11:45:49.028,3681515,12,0,12,0,0,5095.028
2026-05-25 11:45:54.103,3681515,12,0,12,0,0,5100.103
2026-05-25 11:45:54.163,3681515,12,0,12,0,0,5100.163
2026-05-25 11:45:56.221,3681515,12,0,12,0,0,5102.221
2026-05-25 11:45:57.572,3681515,12,0,12,12,0,5103.572
2026-05-25 11:46:05.792,3681515,12,1,11,11,0,5111.792
2026-05-25 11:46:06.368,3681515,11,0,11,11,0,5112.368
2026-05-25 11:46:07.309,3681515,11,0,11,11,0,5113.309
2026-05-25 11:46:07.563,3681515,12,0,12,12,0,5113.563
2026-05-25 11:46:07.874,3681515,12,0,12,12,0,5113.874
2026-05-25 11:46:12.560,3681515,12,0,12,12,0,5118.56
2026-05-25 11:46:20.966,3681515,12,0,12,12,0,5126.966
2026-05-25 11:46:34.004,3681515,109,0,109,12,0,5140.004
2026-05-25 11:46:36.540,3681515,56,0,56,12,0,5142.54
2026-05-25 11:46:38.152,3681515,56,0,56,12,0,5144.152
2026-05-25 11:46:45.976,3681515,12,0,12,12,0,5151.976
2026-05-25 11:46:46.674,3681515,12,0,12,12,0,5152.674
2026-05-25 11:46:49.475,3681515,12,0,12,12,0,5155.475
2026-05-25 11:46:49.772,3681515,12,0,12,12,0,5155.772
2026-05-25 11:46:51.729,3681515,12,0,12,12,0,5157.729
2026-05-25 11:46:54.747,3681515,12,0,12,12,0,5160.747
2026-05-25 11:46:56.311,3681515,12,0,12,12,0,5162.311
2026-05-25 11:47:02.356,3681515,12,0,12,12,0,5168.356
2026-05-25 11:47:06.098,3681516,12,0,12,0,0,5172.098
2026-05-25 11:47:10.474,3681516,12,0,12,0,0,5176.474
2026-05-25 11:47:11.793,3681516,12,0,12,0,0,5177.793
2026-05-25 11:47:12.797,3681516,12,0,12,0,0,5178.797
2026-05-25 11:47:12.968,3681516,13,1,12,0,0,5178.968
2026-05-25 11:47:13.138,3681516,12,0,12,0,0,5179.138
2026-05-25 11:47:22.464,3681516,12,0,12,0,0,5188.464
2026-05-25 11:47:40.960,3681516,12,0,12,0,0,5206.96
2026-05-25 11:47:41.227,3681516,12,0,12,0,0,5207.227
2026-05-25 11:47:44.465,3681516,135,0,135,0,0,5210.465
2026-05-25 11:47:55.359,3681516,25,0,25,0,0,5221.359
2026-05-25 11:47:56.460,3681516,25,0,25,0,0,5222.46
2026-05-25 11:48:10.367,3681516,12,0,12,12,0,5236.367
2026-05-25 11:48:10.788,3681516,13,1,12,12,0,5236.788
2026-05-25 11:48:11.002,3681516,12,0,12,12,0,5237.002
2026-05-25 11:48:25.703,3681516,12,0,12,12,0,5251.703
2026-05-25 11:48:25.942,3681516,13,1,12,12,0,5251.942
2026-05-25 11:48:26.886,3681516,12,0,12,12,0,5252.886
2026-05-25 11:48:38.665,3681516,12,0,12,12,0,5264.665
2026-05-25 11:48:40.723,3681516,12,0,12,12,0,5266.723
2026-05-25 11:48:41.223,3681516,12,0,12,12,0,5267.223
2026-05-25 11:48:47.765,3681516,12,0,12,12,0,5273.765
2026-05-25 11:48:48.194,3681516,13,1,12,12,0,5274.194
2026-05-25 11:48:48.420,3681516,12,0,12,12,0,5274.42
2026-05-25 11:48:48.771,3681516,12,0,12,12,0,5274.771
2026-05-25 11:48:53.793,3681516,12,0,12,12,0,5279.793
2026-05-25 11:48:58.666,3681516,99,0,99,12,0,5284.666
2026-05-25 11:48:58.727,3681516,92,0,92,12,0,5284.727
2026-05-25 11:49:01.673,3681516,53,0,53,12,0,5287.673
2026-05-25 11:49:01.934,3681516,54,1,53,12,0,5287.934
2026-05-25 11:49:01.964,3681516,54,1,53,12,0,5287.964
2026-05-25 11:49:01.975,3681516,54,1,53,12,0,5287.975
2026-05-25 11:49:02.049,3681516,54,1,53,12,0,5288.049
2026-05-25 11:49:02.196,3681516,53,0,53,12,0,5288.196
2026-05-25 11:49:02.236,3681516,53,0,53,12,0,5288.236
2026-05-25 11:49:02.686,3681516,53,0,53,12,0,5288.686
2026-05-25 11:49:07.795,3681516,28,0,28,12,0,5293.795
2026-05-25 11:49:07.984,3681516,29,1,28,12,0,5293.984
2026-05-25 11:49:08.172,3681516,28,0,28,12,0,5294.172
2026-05-25 11:49:22.513,3681516,12,0,12,12,0,5308.513
2026-05-25 11:49:28.071,3681516,12,1,11,11,0,5314.071
2026-05-25 11:49:28.536,3681516,11,0,11,11,0,5314.536
2026-05-25 11:49:29.546,3681516,11,0,11,11,0,5315.546
2026-05-25 11:49:29.772,3681516,11,0,11,11,0,5315.772
2026-05-25 11:49:44.376,3681516,11,0,11,11,0,5330.376
2026-05-25 11:49:45.708,3681516,12,1,11,11,0,5331.708
2026-05-25 11:49:46.020,3681516,12,1,11,11,0,5332.02
2026-05-25 11:49:46.047,3681516,11,0,11,11,0,5332.047
2026-05-25 11:49:46.176,3681516,11,0,11,11,0,5332.176
2026-05-25 11:49:53.445,3681516,12,0,12,12,0,5339.445
2026-05-25 11:50:04.075,3681516,12,0,12,12,0,5350.075
2026-05-25 11:50:05.306,3681516,12,0,12,12,0,5351.306
2026-05-25 11:50:08.426,3681517,12,0,12,0,0,5354.426
2026-05-25 11:50:18.906,3681517,43,0,43,11,0,5364.906
2026-05-25 11:50:26.262,3681517,12,0,12,12,0,5372.262
2026-05-25 11:50:26.866,3681517,12,0,12,12,0,5372.866
2026-05-25 11:50:34.490,3681517,12,0,12,12,0,5380.49
2026-05-25 11:50:35.473,3681517,12,0,12,12,0,5381.473
2026-05-25 11:50:42.847,3681517,12,0,12,12,0,5388.847
2026-05-25 11:50:52.281,3681517,12,0,12,12,0,5398.281
2026-05-25 11:50:58.724,3681517,12,0,12,12,0,5404.724
2026-05-25 11:50:59.608,3681517,12,0,12,12,0,5405.608
2026-05-25 11:51:01.711,3681517,12,0,12,12,0,5407.711
2026-05-25 11:51:09.144,3681517,12,1,11,11,0,5415.144
2026-05-25 11:51:09.462,3681517,11,0,11,11,0,5415.462
2026-05-25 11:51:09.467,3681517,11,0,11,11,0,5415.467
2026-05-25 11:51:09.620,3681517,11,0,11,11,0,5415.62
2026-05-25 11:51:11.801,3681517,12,0,12,12,0,5417.801
2026-05-25 11:51:11.803,3681517,12,0,12,12,0,5417.803
2026-05-25 11:51:13.311,3681517,12,0,12,12,0,5419.311
2026-05-25 11:51:13.584,3681517,12,0,12,12,0,5419.584
2026-05-25 11:51:23.618,3681517,103,0,103,12,0,5429.618
2026-05-25 11:51:47.325,3681517,12,0,12,12,0,5453.325
2026-05-25 11:52:02.494,3681517,12,0,12,12,0,5468.494
2026-05-25 11:52:03.578,3681517,12,0,12,12,0,5469.578
2026-05-25 11:52:03.703,3681517,12,0,12,12,0,5469.703
2026-05-25 11:52:03.925,3681518,13,1,12,0,0,5469.925
2026-05-25 11:52:03.992,3681518,13,1,12,0,0,5469.992
2026-05-25 11:52:04.086,3681518,12,0,12,0,0,5470.086
2026-05-25 11:52:08.531,3681518,12,0,12,0,0,5474.531
2026-05-25 11:52:09.825,3681518,12,0,12,0,0,5475.825
2026-05-25 11:52:09.982,3681518,12,0,12,0,0,5475.982
2026-05-25 11:52:17.191,3681518,12,0,12,0,0,5483.191
2026-05-25 11:52:17.228,3681518,12,0,12,0,0,5483.228
2026-05-25 11:52:27.811,3681518,12,0,12,0,0,5493.811
2026-05-25 11:52:28.036,3681518,12,0,12,12,0,5494.036
2026-05-25 11:52:28.087,3681518,13,1,12,12,0,5494.087
2026-05-25 11:52:28.346,3681518,12,0,12,12,0,5494.346
2026-05-25 11:52:34.778,3681518,112,0,112,12,0,5500.778
2026-05-25 11:52:37.060,3681518,64,0,64,12,0,5503.06
2026-05-25 11:52:48.887,3681518,12,0,12,12,0,5514.887
2026-05-25 11:52:49.056,3681518,13,1,12,12,0,5515.056
2026-05-25 11:52:49.075,3681518,13,1,12,12,0,5515.075
2026-05-25 11:52:49.225,3681518,11,0,11,11,0,5515.225
2026-05-25 11:52:50.262,3681518,12,0,12,12,0,5516.262
2026-05-25 11:52:59.990,3681518,12,0,12,12,0,5525.99
2026-05-25 11:53:22.704,3681518,12,0,12,12,0,5548.704
2026-05-25 11:53:27.180,3681518,12,0,12,12,0,5553.18
2026-05-25 11:53:39.186,3681518,12,0,12,12,0,5565.186
2026-05-25 11:53:44.976,3681518,138,0,138,12,0,5570.976
2026-05-25 11:53:58.295,3681518,12,0,12,12,0,5584.295
2026-05-25 11:53:58.493,3681518,12,0,12,12,0,5584.493
2026-05-25 11:54:12.301,3681518,12,0,12,12,0,5598.301
2026-05-25 11:54:12.429,3681518,12,0,12,12,0,5598.429
2026-05-25 11:54:12.507,3681518,13,1,12,12,0,5598.507
2026-05-25 11:54:12.711,3681518,12,0,12,12,0,5598.711
2026-05-25 11:54:17.262,3681518,12,0,12,12,0,5603.262
2026-05-25 11:54:17.599,3681518,13,1,12,12,0,5603.599
2026-05-25 11:54:17.610,3681518,13,1,12,12,0,5603.61
2026-05-25 11:54:17.799,3681518,12,0,12,12,0,5603.799
2026-05-25 11:54:27.828,3681518,12,0,12,12,0,5613.828
2026-05-25 11:54:37.577,3681518,12,0,12,12,0,5623.577
2026-05-25 11:54:37.785,3681518,12,0,12,12,0,5623.785
2026-05-25 11:54:38.542,3681518,12,0,12,12,0,5624.542
2026-05-25 11:54:38.771,3681518,13,1,12,12,0,5624.771
2026-05-25 11:54:39.003,3681518,12,0,12,12,0,5625.003
2026-05-25 11:54:40.783,3681518,12,0,12,12,0,5626.783
2026-05-25 11:54:41.247,3681518,13,1,12,12,0,5627.247
2026-05-25 11:54:41.475,3681518,12,0,12,12,0,5627.475
2026-05-25 11:54:48.486,3681518,12,0,12,12,0,5634.486
2026-05-25 11:54:57.806,3681518,117,0,117,12,0,5643.806
2026-05-25 11:55:05.499,3681518,30,0,30,12,0,5651.499
2026-05-25 11:55:07.828,3681519,30,0,30,0,0,5653.828
2026-05-25 11:55:10.279,3681519,12,0,12,0,0,5656.279
2026-05-25 11:55:30.680,3681519,12,0,12,0,0,5676.68
2026-05-25 11:55:31.040,3681519,13,1,12,0,0,5677.04
2026-05-25 11:55:31.396,3681519,12,0,12,0,0,5677.396
2026-05-25 11:55:32.994,3681519,12,0,12,0,0,5678.994
2026-05-25 11:55:36.168,3681519,12,0,12,0,0,5682.168
2026-05-25 11:55:46.586,3681519,12,0,12,12,0,5692.586
2026-05-25 11:55:46.775,3681519,13,1,12,12,0,5692.775
2026-05-25 11:55:46.783,3681519,13,1,12,12,0,5692.783
2026-05-25 11:55:46.951,3681519,13,1,12,12,0,5692.951
2026-05-25 11:55:46.962,3681519,12,0,12,12,0,5692.962
2026-05-25 11:55:47.178,3681519,13,1,12,12,0,5693.178
2026-05-25 11:55:47.179,3681519,13,1,12,12,0,5693.179
2026-05-25 11:55:47.406,3681519,12,0,12,12,0,5693.406
2026-05-25 11:55:52.411,3681519,12,0,12,12,0,5698.411
2026-05-25 11:56:34.593,3681520,7,0,7,0,0,5740.593
2026-05-25 11:56:34.817,3681520,8,1,7,0,0,5740.817
2026-05-25 11:56:35.041,3681520,7,0,7,0,0,5741.041
2026-05-25 11:56:37.619,3681520,12,0,12,5,0,5743.619
2026-05-25 11:56:37.792,3681520,12,0,12,5,0,5743.792
2026-05-25 11:56:54.394,3681520,12,0,12,12,0,5760.394
2026-05-25 11:56:54.710,3681520,13,1,12,12,0,5760.71
2026-05-25 11:56:55.502,3681520,12,0,12,12,0,5761.502
2026-05-25 11:57:05.601,3681520,12,0,12,12,0,5771.601
2026-05-25 11:57:05.993,3681520,12,0,12,12,0,5771.993
2026-05-25 11:57:10.443,3681520,12,0,12,12,0,5776.443
2026-05-25 11:57:15.811,3681520,12,0,12,12,0,5781.811
2026-05-25 11:57:16.030,3681520,12,0,12,12,0,5782.03
2026-05-25 11:57:38.011,3681520,12,0,12,12,0,5804.011
2026-05-25 11:57:38.486,3681520,12,0,12,12,0,5804.486
2026-05-25 11:57:42.733,3681520,12,0,12,12,0,5808.733
2026-05-25 11:57:43.303,3681520,12,0,12,12,0,5809.303
2026-05-25 11:57:43.303,3681520,12,0,12,12,0,5809.303
2026-05-25 11:57:53.980,3681521,12,0,12,12,0,5819.98
2026-05-25 11:57:55.572,3681521,12,0,12,12,0,5821.572
2026-05-25 11:57:59.064,3681521,12,0,12,12,0,5825.064
2026-05-25 11:57:59.502,3681521,13,1,12,12,0,5825.502
2026-05-25 11:58:00.471,3681521,12,0,12,12,0,5826.471
2026-05-25 11:58:34.828,3681521,90,0,90,12,0,5860.828
2026-05-25 11:58:34.980,3681521,70,0,70,12,0,5860.98
2026-05-25 11:58:38.408,3681521,37,0,37,12,0,5864.408
2026-05-25 11:58:49.759,3681521,12,0,12,12,0,5875.759
2026-05-25 11:58:49.784,3681521,12,0,12,12,0,5875.784
2026-05-25 11:58:50.011,3681521,13,1,12,12,0,5876.011
2026-05-25 11:58:50.180,3681521,14,2,12,12,0,5876.18
2026-05-25 11:58:50.239,3681521,13,1,12,12,0,5876.239
2026-05-25 11:58:50.392,3681521,12,0,12,12,0,5876.392
2026-05-25 11:58:51.306,3681521,12,0,12,12,0,5877.306
2026-05-25 11:58:54.623,3681521,12,0,12,12,0,5880.623
2026-05-25 11:59:31.029,3681522,12,0,12,0,0,5917.029
2026-05-25 11:59:33.029,3681522,12,0,12,0,0,5919.029
2026-05-25 11:59:34.934,3681522,11,0,11,0,0,5920.934
2026-05-25 11:59:38.584,3681522,11,0,11,0,0,5924.584
2026-05-25 11:59:53.738,3681522,41,0,41,0,0,5939.738
2026-05-25 11:59:53.738,3681522,42,0,42,0,0,5939.738
2026-05-25 11:59:56.478,3681522,42,0,42,0,0,5942.478
